2026-10-01 23:04:01 | INFO     | kivy | deps: Successfully imported "kivy_deps.angle" 0.5.0
2026-10-01 23:04:01 | INFO     | kivy | deps: Successfully imported "kivy_deps.glew" 0.3.1
2026-10-01 23:04:01 | INFO     | kivy | deps: Successfully imported "kivy_deps.sdl2" 0.8.0
2026-10-01 23:04:01 | INFO     | kivy | Kivy: v2.3.1
2026-10-01 23:04:01 | INFO     | kivy | Kivy: Installed at "C:\Users\ahmet\AppData\Local\Programs\Python\Python312\Lib\site-packages\kivy\__init__.py"
2026-10-01 23:04:01 | INFO     | kivy | Python: v3.12.10 (tags/v3.12.10:0cc8128, Apr  8 2025, 12:21:36) [MSC v.1943 64 bit (AMD64)]
2026-10-01 23:04:01 | INFO     | kivy | Python: Interpreter at "C:\Users\ahmet\AppData\Local\Programs\Python\Python312\python.exe"
2026-10-01 23:04:01 | INFO     | kivy | Factory: 195 symbols loaded
2026-10-01 23:04:01 | INFO     | kivy | Image: Providers: img_tex, img_dds, img_sdl2, img_pil (img_ffpyplayer ignored)
2026-10-01 23:04:01 | INFO     | kivy | Text: Provider: sdl2
2026-10-01 23:04:02 | INFO     | kivy | Window: Provider: sdl2
2026-10-01 23:04:03 | INFO     | kivy | GL: Using the "OpenGL" graphics system
2026-10-01 23:04:03 | INFO     | kivy | GL: GLEW initialization succeeded
2026-10-01 23:04:03 | INFO     | kivy | GL: Backend used <glew>
2026-10-01 23:04:03 | INFO     | kivy | GL: OpenGL version <b'4.6.0 NVIDIA 581.80'>
2026-10-01 23:04:03 | INFO     | kivy | GL: OpenGL vendor <b'NVIDIA Corporation'>
2026-10-01 23:04:03 | INFO     | kivy | GL: OpenGL renderer <b'NVIDIA GeForce GTX 860M/PCIe/SSE2'>
2026-10-01 23:04:03 | INFO     | kivy | GL: OpenGL parsed version: 4, 6
2026-10-01 23:04:03 | INFO     | kivy | GL: Shading version <b'4.60 NVIDIA'>
2026-10-01 23:04:03 | INFO     | kivy | GL: Texture max size <16384>
2026-10-01 23:04:03 | INFO     | kivy | GL: Texture max units <32>
2026-10-01 23:04:03 | INFO     | kivy | Window: auto add sdl2 input provider
2026-10-01 23:04:03 | INFO     | kivy | Window: virtual keyboard not allowed, single mode, not docked
2026-10-01 23:04:03 | INFO     | kivy | Logger: Record log in C:\Users\ahmet\.kivy\logs\kivy_26-10-01_5.txt
2026-10-01 23:04:04 | INFO     | kivy | GL: NPOT texture support is available
2026-10-01 23:04:04 | INFO     | kivy | Base: Start application main loop
2026-10-01 23:04:10 | INFO     | kivy | Base: Leaving application in progress...
2026-10-01 23:04:10 | WARNING  | kivy | stderr: Traceback (most recent call last):
2026-10-01 23:04:10 | WARNING  | kivy | stderr:   File "d:\Program\cad4\main.py", line 310, in <module>
2026-10-01 23:04:10 | WARNING  | kivy | stderr:     CADApp().run()
2026-10-01 23:04:10 | WARNING  | kivy | stderr:   File "C:\Users\ahmet\AppData\Local\Programs\Python\Python312\Lib\site-packages\kivy\app.py", line 956, in run
2026-10-01 23:04:10 | WARNING  | kivy | stderr:     runTouchApp()
2026-10-01 23:04:10 | WARNING  | kivy | stderr:   File "C:\Users\ahmet\AppData\Local\Programs\Python\Python312\Lib\site-packages\kivy\base.py", line 574, in runTouchApp
2026-10-01 23:04:10 | WARNING  | kivy | stderr:     EventLoop.mainloop()
2026-10-01 23:04:10 | WARNING  | kivy | stderr:   File "C:\Users\ahmet\AppData\Local\Programs\Python\Python312\Lib\site-packages\kivy\base.py", line 339, in mainloop
2026-10-01 23:04:10 | WARNING  | kivy | stderr:     self.idle()
2026-10-01 23:04:10 | WARNING  | kivy | stderr:   File "C:\Users\ahmet\AppData\Local\Programs\Python\Python312\Lib\site-packages\kivy\base.py", line 383, in idle
2026-10-01 23:04:10 | WARNING  | kivy | stderr:     self.dispatch_input()
2026-10-01 23:04:10 | WARNING  | kivy | stderr:   File "C:\Users\ahmet\AppData\Local\Programs\Python\Python312\Lib\site-packages\kivy\base.py", line 334, in dispatch_input
2026-10-01 23:04:10 | WARNING  | kivy | stderr:     post_dispatch_input(*pop(0))
2026-10-01 23:04:10 | WARNING  | kivy | stderr:   File "C:\Users\ahmet\AppData\Local\Programs\Python\Python312\Lib\site-packages\kivy\base.py", line 302, in post_dispatch_input
2026-10-01 23:04:10 | WARNING  | kivy | stderr:     wid.dispatch('on_touch_up', me)
2026-10-01 23:04:10 | WARNING  | kivy | stderr:   File "kivy\\_event.pyx", line 731, in kivy._event.EventDispatcher.dispatch
2026-10-01 23:04:10 | WARNING  | kivy | stderr:   File "C:\Users\ahmet\AppData\Local\Programs\Python\Python312\Lib\site-packages\kivy\uix\behaviors\button.py", line 179, in on_touch_up
2026-10-01 23:04:10 | WARNING  | kivy | stderr:     self.dispatch('on_release')
2026-10-01 23:04:10 | WARNING  | kivy | stderr:   File "kivy\\_event.pyx", line 727, in kivy._event.EventDispatcher.dispatch
2026-10-01 23:04:10 | WARNING  | kivy | stderr:   File "kivy\\_event.pyx", line 1307, in kivy._event.EventObservers.dispatch
2026-10-01 23:04:10 | WARNING  | kivy | stderr:   File "kivy\\_event.pyx", line 1231, in kivy._event.EventObservers._dispatch
2026-10-01 23:04:10 | WARNING  | kivy | stderr:   File "d:\Program\cad4\main.py", line 188, in load_test_model
2026-10-01 23:04:10 | WARNING  | kivy | stderr:     TestModelBuilder.build(builder)
2026-10-01 23:04:10 | WARNING  | kivy | stderr:   File "d:\Program\cad4\tests\test_model.py", line 11, in build
2026-10-01 23:04:10 | WARNING  | kivy | stderr:     steel = builder.create_material(
2026-10-01 23:04:10 | WARNING  | kivy | stderr:             ^^^^^^^^^^^^^^^^^^^^^^^^
2026-10-01 23:04:10 | WARNING  | kivy | stderr:   File "d:\Program\cad4\geometry\scenebuilder.py", line 19, in create_material
2026-10-01 23:04:10 | WARNING  | kivy | stderr:     material = Material(name=name, mat_type=mat_type, E=E, 
2026-10-01 23:04:10 | WARNING  | kivy | stderr:                ^^^^^^^^^^^^^^^^^^^^^^^^^^^^^^^^^^^^^^^^^^^
2026-10-01 23:04:10 | WARNING  | kivy | stderr: TypeError: Material.__init__() got an unexpected keyword argument 'E'
2026-10-01 23:05:03 | INFO     | kivy | deps: Successfully imported "kivy_deps.angle" 0.5.0
2026-10-01 23:05:03 | INFO     | kivy | deps: Successfully imported "kivy_deps.glew" 0.3.1
2026-10-01 23:05:03 | INFO     | kivy | deps: Successfully imported "kivy_deps.sdl2" 0.8.0
2026-10-01 23:05:03 | INFO     | kivy | Kivy: v2.3.1
2026-10-01 23:05:03 | INFO     | kivy | Kivy: Installed at "C:\Users\ahmet\AppData\Local\Programs\Python\Python312\Lib\site-packages\kivy\__init__.py"
2026-10-01 23:05:03 | INFO     | kivy | Python: v3.12.10 (tags/v3.12.10:0cc8128, Apr  8 2025, 12:21:36) [MSC v.1943 64 bit (AMD64)]
2026-10-01 23:05:03 | INFO     | kivy | Python: Interpreter at "C:\Users\ahmet\AppData\Local\Programs\Python\Python312\python.exe"
2026-10-01 23:05:03 | INFO     | kivy | Factory: 195 symbols loaded
2026-10-01 23:05:04 | INFO     | kivy | Image: Providers: img_tex, img_dds, img_sdl2, img_pil (img_ffpyplayer ignored)
2026-10-01 23:05:04 | INFO     | kivy | Text: Provider: sdl2
2026-10-01 23:05:04 | INFO     | kivy | Window: Provider: sdl2
2026-10-01 23:05:05 | INFO     | kivy | GL: Using the "OpenGL" graphics system
2026-10-01 23:05:05 | INFO     | kivy | GL: GLEW initialization succeeded
2026-10-01 23:05:05 | INFO     | kivy | GL: Backend used <glew>
2026-10-01 23:05:05 | INFO     | kivy | GL: OpenGL version <b'4.6.0 NVIDIA 581.80'>
2026-10-01 23:05:05 | INFO     | kivy | GL: OpenGL vendor <b'NVIDIA Corporation'>
2026-10-01 23:05:05 | INFO     | kivy | GL: OpenGL renderer <b'NVIDIA GeForce GTX 860M/PCIe/SSE2'>
2026-10-01 23:05:05 | INFO     | kivy | GL: OpenGL parsed version: 4, 6
2026-10-01 23:05:05 | INFO     | kivy | GL: Shading version <b'4.60 NVIDIA'>
2026-10-01 23:05:05 | INFO     | kivy | GL: Texture max size <16384>
2026-10-01 23:05:05 | INFO     | kivy | GL: Texture max units <32>
2026-10-01 23:05:05 | INFO     | kivy | Window: auto add sdl2 input provider
2026-10-01 23:05:05 | INFO     | kivy | Window: virtual keyboard not allowed, single mode, not docked
2026-10-01 23:05:05 | INFO     | kivy | Logger: Record log in C:\Users\ahmet\.kivy\logs\kivy_26-10-01_6.txt
2026-10-01 23:05:06 | INFO     | kivy | GL: NPOT texture support is available
2026-10-01 23:05:06 | INFO     | kivy | Base: Start application main loop
2026-10-01 23:05:13 | INFO     | kivy | Base: Leaving application in progress...
2026-10-01 23:18:37 | INFO     | kivy | deps: Successfully imported "kivy_deps.angle" 0.5.0
2026-10-01 23:18:37 | INFO     | kivy | deps: Successfully imported "kivy_deps.glew" 0.3.1
2026-10-01 23:18:37 | INFO     | kivy | deps: Successfully imported "kivy_deps.sdl2" 0.8.0
2026-10-01 23:18:37 | INFO     | kivy | Kivy: v2.3.1
2026-10-01 23:18:37 | INFO     | kivy | Kivy: Installed at "C:\Users\ahmet\AppData\Local\Programs\Python\Python312\Lib\site-packages\kivy\__init__.py"
2026-10-01 23:18:37 | INFO     | kivy | Python: v3.12.10 (tags/v3.12.10:0cc8128, Apr  8 2025, 12:21:36) [MSC v.1943 64 bit (AMD64)]
2026-10-01 23:18:37 | INFO     | kivy | Python: Interpreter at "C:\Users\ahmet\AppData\Local\Programs\Python\Python312\python.exe"
2026-10-01 23:18:38 | INFO     | kivy | Factory: 195 symbols loaded
2026-10-01 23:18:38 | INFO     | kivy | Image: Providers: img_tex, img_dds, img_sdl2, img_pil (img_ffpyplayer ignored)
2026-10-01 23:18:38 | INFO     | kivy | Text: Provider: sdl2
2026-10-01 23:18:38 | INFO     | kivy | Window: Provider: sdl2
2026-10-01 23:18:39 | INFO     | kivy | GL: Using the "OpenGL" graphics system
2026-10-01 23:18:39 | INFO     | kivy | GL: GLEW initialization succeeded
2026-10-01 23:18:39 | INFO     | kivy | GL: Backend used <glew>
2026-10-01 23:18:39 | INFO     | kivy | GL: OpenGL version <b'4.6.0 NVIDIA 581.80'>
2026-10-01 23:18:39 | INFO     | kivy | GL: OpenGL vendor <b'NVIDIA Corporation'>
2026-10-01 23:18:39 | INFO     | kivy | GL: OpenGL renderer <b'NVIDIA GeForce GTX 860M/PCIe/SSE2'>
2026-10-01 23:18:39 | INFO     | kivy | GL: OpenGL parsed version: 4, 6
2026-10-01 23:18:39 | INFO     | kivy | GL: Shading version <b'4.60 NVIDIA'>
2026-10-01 23:18:39 | INFO     | kivy | GL: Texture max size <16384>
2026-10-01 23:18:39 | INFO     | kivy | GL: Texture max units <32>
2026-10-01 23:18:39 | INFO     | kivy | Window: auto add sdl2 input provider
2026-10-01 23:18:39 | INFO     | kivy | Window: virtual keyboard not allowed, single mode, not docked
2026-10-01 23:18:39 | INFO     | kivy | Logger: Record log in C:\Users\ahmet\.kivy\logs\kivy_26-10-01_7.txt
2026-10-01 23:18:40 | INFO     | kivy | GL: NPOT texture support is available
2026-10-01 23:18:40 | INFO     | kivy | Base: Start application main loop
2026-10-01 23:18:50 | INFO     | kivy | Base: Leaving application in progress...
2026-10-01 23:18:50 | WARNING  | kivy | stderr: Traceback (most recent call last):
2026-10-01 23:18:50 | WARNING  | kivy | stderr:   File "d:\Program\cad4\main.py", line 305, in <module>
2026-10-01 23:18:50 | WARNING  | kivy | stderr:     CADApp().run()
2026-10-01 23:18:50 | WARNING  | kivy | stderr:   File "C:\Users\ahmet\AppData\Local\Programs\Python\Python312\Lib\site-packages\kivy\app.py", line 956, in run
2026-10-01 23:18:50 | WARNING  | kivy | stderr:     runTouchApp()
2026-10-01 23:18:50 | WARNING  | kivy | stderr:   File "C:\Users\ahmet\AppData\Local\Programs\Python\Python312\Lib\site-packages\kivy\base.py", line 574, in runTouchApp
2026-10-01 23:18:50 | WARNING  | kivy | stderr:     EventLoop.mainloop()
2026-10-01 23:18:50 | WARNING  | kivy | stderr:   File "C:\Users\ahmet\AppData\Local\Programs\Python\Python312\Lib\site-packages\kivy\base.py", line 339, in mainloop
2026-10-01 23:18:50 | WARNING  | kivy | stderr:     self.idle()
2026-10-01 23:18:50 | WARNING  | kivy | stderr:   File "C:\Users\ahmet\AppData\Local\Programs\Python\Python312\Lib\site-packages\kivy\base.py", line 383, in idle
2026-10-01 23:18:50 | WARNING  | kivy | stderr:     self.dispatch_input()
2026-10-01 23:18:50 | WARNING  | kivy | stderr:   File "C:\Users\ahmet\AppData\Local\Programs\Python\Python312\Lib\site-packages\kivy\base.py", line 334, in dispatch_input
2026-10-01 23:18:50 | WARNING  | kivy | stderr:     post_dispatch_input(*pop(0))
2026-10-01 23:18:50 | WARNING  | kivy | stderr:   File "C:\Users\ahmet\AppData\Local\Programs\Python\Python312\Lib\site-packages\kivy\base.py", line 302, in post_dispatch_input
2026-10-01 23:18:50 | WARNING  | kivy | stderr:     wid.dispatch('on_touch_up', me)
2026-10-01 23:18:50 | WARNING  | kivy | stderr:   File "kivy\\_event.pyx", line 731, in kivy._event.EventDispatcher.dispatch
2026-10-01 23:18:50 | WARNING  | kivy | stderr:   File "C:\Users\ahmet\AppData\Local\Programs\Python\Python312\Lib\site-packages\kivy\uix\behaviors\button.py", line 179, in on_touch_up
2026-10-01 23:18:50 | WARNING  | kivy | stderr:     self.dispatch('on_release')
2026-10-01 23:18:50 | WARNING  | kivy | stderr:   File "kivy\\_event.pyx", line 727, in kivy._event.EventDispatcher.dispatch
2026-10-01 23:18:50 | WARNING  | kivy | stderr:   File "kivy\\_event.pyx", line 1307, in kivy._event.EventObservers.dispatch
2026-10-01 23:18:50 | WARNING  | kivy | stderr:   File "kivy\\_event.pyx", line 1231, in kivy._event.EventObservers._dispatch
2026-10-01 23:18:50 | WARNING  | kivy | stderr:   File "d:\Program\cad4\main.py", line 189, in load_test_model
2026-10-01 23:18:50 | WARNING  | kivy | stderr:     TestModelBuilder.build(builder)
2026-10-01 23:18:50 | WARNING  | kivy | stderr:   File "d:\Program\cad4\tests\test_model.py", line 14, in build
2026-10-01 23:18:50 | WARNING  | kivy | stderr:     steel = builder.create_material(
2026-10-01 23:18:50 | WARNING  | kivy | stderr:             ^^^^^^^^^^^^^^^^^^^^^^^^
2026-10-01 23:18:50 | WARNING  | kivy | stderr:   File "d:\Program\cad4\geometry\scenebuilder.py", line 19, in create_material
2026-10-01 23:18:50 | WARNING  | kivy | stderr:     material = Material(name=name, mat_type=mat_type, E=E, 
2026-10-01 23:18:50 | WARNING  | kivy | stderr:                ^^^^^^^^^^^^^^^^^^^^^^^^^^^^^^^^^^^^^^^^^^^
2026-10-01 23:18:50 | WARNING  | kivy | stderr: TypeError: Material.__init__() got an unexpected keyword argument 'E'
2026-10-01 23:18:55 | INFO     | kivy | deps: Successfully imported "kivy_deps.angle" 0.5.0
2026-10-01 23:18:55 | INFO     | kivy | deps: Successfully imported "kivy_deps.glew" 0.3.1
2026-10-01 23:18:55 | INFO     | kivy | deps: Successfully imported "kivy_deps.sdl2" 0.8.0
2026-10-01 23:18:55 | INFO     | kivy | Kivy: v2.3.1
2026-10-01 23:18:55 | INFO     | kivy | Kivy: Installed at "C:\Users\ahmet\AppData\Local\Programs\Python\Python312\Lib\site-packages\kivy\__init__.py"
2026-10-01 23:18:55 | INFO     | kivy | Python: v3.12.10 (tags/v3.12.10:0cc8128, Apr  8 2025, 12:21:36) [MSC v.1943 64 bit (AMD64)]
2026-10-01 23:18:55 | INFO     | kivy | Python: Interpreter at "C:\Users\ahmet\AppData\Local\Programs\Python\Python312\python.exe"
2026-10-01 23:18:55 | INFO     | kivy | Factory: 195 symbols loaded
2026-10-01 23:18:55 | INFO     | kivy | Image: Providers: img_tex, img_dds, img_sdl2, img_pil (img_ffpyplayer ignored)
2026-10-01 23:18:55 | INFO     | kivy | Text: Provider: sdl2
2026-10-01 23:18:55 | INFO     | kivy | Window: Provider: sdl2
2026-10-01 23:18:56 | INFO     | kivy | GL: Using the "OpenGL" graphics system
2026-10-01 23:18:56 | INFO     | kivy | GL: GLEW initialization succeeded
2026-10-01 23:18:56 | INFO     | kivy | GL: Backend used <glew>
2026-10-01 23:18:56 | INFO     | kivy | GL: OpenGL version <b'4.6.0 NVIDIA 581.80'>
2026-10-01 23:18:56 | INFO     | kivy | GL: OpenGL vendor <b'NVIDIA Corporation'>
2026-10-01 23:18:56 | INFO     | kivy | GL: OpenGL renderer <b'NVIDIA GeForce GTX 860M/PCIe/SSE2'>
2026-10-01 23:18:56 | INFO     | kivy | GL: OpenGL parsed version: 4, 6
2026-10-01 23:18:56 | INFO     | kivy | GL: Shading version <b'4.60 NVIDIA'>
2026-10-01 23:18:56 | INFO     | kivy | GL: Texture max size <16384>
2026-10-01 23:18:56 | INFO     | kivy | GL: Texture max units <32>
2026-10-01 23:18:56 | INFO     | kivy | Window: auto add sdl2 input provider
2026-10-01 23:18:56 | INFO     | kivy | Window: virtual keyboard not allowed, single mode, not docked
2026-10-01 23:18:56 | INFO     | kivy | Logger: Record log in C:\Users\ahmet\.kivy\logs\kivy_26-10-01_8.txt
2026-10-01 23:18:57 | INFO     | kivy | GL: NPOT texture support is available
2026-10-01 23:18:57 | INFO     | kivy | Base: Start application main loop
2026-10-01 23:19:09 | INFO     | kivy | Base: Leaving application in progress...
2026-10-01 23:19:31 | INFO     | kivy | deps: Successfully imported "kivy_deps.angle" 0.5.0
2026-10-01 23:19:31 | INFO     | kivy | deps: Successfully imported "kivy_deps.glew" 0.3.1
2026-10-01 23:19:31 | INFO     | kivy | deps: Successfully imported "kivy_deps.sdl2" 0.8.0
2026-10-01 23:19:31 | INFO     | kivy | Kivy: v2.3.1
2026-10-01 23:19:31 | INFO     | kivy | Kivy: Installed at "C:\Users\ahmet\AppData\Local\Programs\Python\Python312\Lib\site-packages\kivy\__init__.py"
2026-10-01 23:19:31 | INFO     | kivy | Python: v3.12.10 (tags/v3.12.10:0cc8128, Apr  8 2025, 12:21:36) [MSC v.1943 64 bit (AMD64)]
2026-10-01 23:19:31 | INFO     | kivy | Python: Interpreter at "C:\Users\ahmet\AppData\Local\Programs\Python\Python312\python.exe"
2026-10-01 23:19:31 | INFO     | kivy | Factory: 195 symbols loaded
2026-10-01 23:19:31 | INFO     | kivy | Image: Providers: img_tex, img_dds, img_sdl2, img_pil (img_ffpyplayer ignored)
2026-10-01 23:19:31 | INFO     | kivy | Text: Provider: sdl2
2026-10-01 23:19:31 | INFO     | kivy | Window: Provider: sdl2
2026-10-01 23:19:33 | INFO     | kivy | GL: Using the "OpenGL" graphics system
2026-10-01 23:19:33 | INFO     | kivy | GL: GLEW initialization succeeded
2026-10-01 23:19:33 | INFO     | kivy | GL: Backend used <glew>
2026-10-01 23:19:33 | INFO     | kivy | GL: OpenGL version <b'4.6.0 NVIDIA 581.80'>
2026-10-01 23:19:33 | INFO     | kivy | GL: OpenGL vendor <b'NVIDIA Corporation'>
2026-10-01 23:19:33 | INFO     | kivy | GL: OpenGL renderer <b'NVIDIA GeForce GTX 860M/PCIe/SSE2'>
2026-10-01 23:19:33 | INFO     | kivy | GL: OpenGL parsed version: 4, 6
2026-10-01 23:19:33 | INFO     | kivy | GL: Shading version <b'4.60 NVIDIA'>
2026-10-01 23:19:33 | INFO     | kivy | GL: Texture max size <16384>
2026-10-01 23:19:33 | INFO     | kivy | GL: Texture max units <32>
2026-10-01 23:19:33 | INFO     | kivy | Window: auto add sdl2 input provider
2026-10-01 23:19:33 | INFO     | kivy | Window: virtual keyboard not allowed, single mode, not docked
2026-10-01 23:19:33 | INFO     | kivy | Logger: Record log in C:\Users\ahmet\.kivy\logs\kivy_26-10-01_9.txt
2026-10-01 23:19:34 | INFO     | kivy | GL: NPOT texture support is available
2026-10-01 23:19:34 | INFO     | kivy | Base: Start application main loop
2026-10-01 23:20:13 | INFO     | kivy | Base: Leaving application in progress...
2026-10-01 23:37:35 | INFO     | kivy | deps: Successfully imported "kivy_deps.angle" 0.5.0
2026-10-01 23:37:35 | INFO     | kivy | deps: Successfully imported "kivy_deps.glew" 0.3.1
2026-10-01 23:37:35 | INFO     | kivy | deps: Successfully imported "kivy_deps.sdl2" 0.8.0
2026-10-01 23:37:35 | INFO     | kivy | Kivy: v2.3.1
2026-10-01 23:37:35 | INFO     | kivy | Kivy: Installed at "C:\Users\ahmet\AppData\Local\Programs\Python\Python312\Lib\site-packages\kivy\__init__.py"
2026-10-01 23:37:35 | INFO     | kivy | Python: v3.12.10 (tags/v3.12.10:0cc8128, Apr  8 2025, 12:21:36) [MSC v.1943 64 bit (AMD64)]
2026-10-01 23:37:35 | INFO     | kivy | Python: Interpreter at "C:\Users\ahmet\AppData\Local\Programs\Python\Python312\python.exe"
2026-10-01 23:37:35 | INFO     | kivy | Factory: 195 symbols loaded
2026-10-01 23:37:35 | INFO     | kivy | Image: Providers: img_tex, img_dds, img_sdl2, img_pil (img_ffpyplayer ignored)
2026-10-01 23:37:35 | INFO     | kivy | Text: Provider: sdl2
2026-10-01 23:37:35 | INFO     | kivy | Window: Provider: sdl2
2026-10-01 23:37:36 | INFO     | kivy | GL: Using the "OpenGL" graphics system
2026-10-01 23:37:36 | INFO     | kivy | GL: GLEW initialization succeeded
2026-10-01 23:37:36 | INFO     | kivy | GL: Backend used <glew>
2026-10-01 23:37:36 | INFO     | kivy | GL: OpenGL version <b'4.6.0 NVIDIA 581.80'>
2026-10-01 23:37:36 | INFO     | kivy | GL: OpenGL vendor <b'NVIDIA Corporation'>
2026-10-01 23:37:36 | INFO     | kivy | GL: OpenGL renderer <b'NVIDIA GeForce GTX 860M/PCIe/SSE2'>
2026-10-01 23:37:36 | INFO     | kivy | GL: OpenGL parsed version: 4, 6
2026-10-01 23:37:36 | INFO     | kivy | GL: Shading version <b'4.60 NVIDIA'>
2026-10-01 23:37:36 | INFO     | kivy | GL: Texture max size <16384>
2026-10-01 23:37:36 | INFO     | kivy | GL: Texture max units <32>
2026-10-01 23:37:37 | INFO     | kivy | Window: auto add sdl2 input provider
2026-10-01 23:37:37 | INFO     | kivy | Window: virtual keyboard not allowed, single mode, not docked
2026-10-01 23:37:37 | INFO     | kivy | Logger: Record log in C:\Users\ahmet\.kivy\logs\kivy_26-10-01_10.txt
2026-10-01 23:37:38 | INFO     | kivy | GL: NPOT texture support is available
2026-10-01 23:37:38 | INFO     | kivy | Base: Start application main loop
2026-10-01 23:38:03 | INFO     | kivy | Base: Leaving application in progress...
2026-10-01 23:41:43 | INFO     | kivy | deps: Successfully imported "kivy_deps.angle" 0.5.0
2026-10-01 23:41:43 | INFO     | kivy | deps: Successfully imported "kivy_deps.glew" 0.3.1
2026-10-01 23:41:43 | INFO     | kivy | deps: Successfully imported "kivy_deps.sdl2" 0.8.0
2026-10-01 23:41:43 | INFO     | kivy | Kivy: v2.3.1
2026-10-01 23:41:43 | INFO     | kivy | Kivy: Installed at "C:\Users\ahmet\AppData\Local\Programs\Python\Python312\Lib\site-packages\kivy\__init__.py"
2026-10-01 23:41:43 | INFO     | kivy | Python: v3.12.10 (tags/v3.12.10:0cc8128, Apr  8 2025, 12:21:36) [MSC v.1943 64 bit (AMD64)]
2026-10-01 23:41:43 | INFO     | kivy | Python: Interpreter at "C:\Users\ahmet\AppData\Local\Programs\Python\Python312\python.exe"
2026-10-01 23:41:44 | INFO     | kivy | Factory: 195 symbols loaded
2026-10-01 23:41:44 | INFO     | kivy | Image: Providers: img_tex, img_dds, img_sdl2, img_pil (img_ffpyplayer ignored)
2026-10-01 23:41:44 | INFO     | kivy | Text: Provider: sdl2
2026-10-01 23:41:44 | INFO     | kivy | Window: Provider: sdl2
2026-10-01 23:41:45 | INFO     | kivy | GL: Using the "OpenGL" graphics system
2026-10-01 23:41:45 | INFO     | kivy | GL: GLEW initialization succeeded
2026-10-01 23:41:45 | INFO     | kivy | GL: Backend used <glew>
2026-10-01 23:41:45 | INFO     | kivy | GL: OpenGL version <b'4.6.0 NVIDIA 581.80'>
2026-10-01 23:41:45 | INFO     | kivy | GL: OpenGL vendor <b'NVIDIA Corporation'>
2026-10-01 23:41:45 | INFO     | kivy | GL: OpenGL renderer <b'NVIDIA GeForce GTX 860M/PCIe/SSE2'>
2026-10-01 23:41:45 | INFO     | kivy | GL: OpenGL parsed version: 4, 6
2026-10-01 23:41:45 | INFO     | kivy | GL: Shading version <b'4.60 NVIDIA'>
2026-10-01 23:41:45 | INFO     | kivy | GL: Texture max size <16384>
2026-10-01 23:41:45 | INFO     | kivy | GL: Texture max units <32>
2026-10-01 23:41:45 | INFO     | kivy | Window: auto add sdl2 input provider
2026-10-01 23:41:45 | INFO     | kivy | Window: virtual keyboard not allowed, single mode, not docked
2026-10-01 23:41:45 | INFO     | kivy | Logger: Record log in C:\Users\ahmet\.kivy\logs\kivy_26-10-01_11.txt
2026-10-01 23:41:46 | INFO     | kivy | GL: NPOT texture support is available
2026-10-01 23:41:46 | INFO     | kivy | Base: Start application main loop
2026-10-01 23:42:11 | INFO     | kivy | Base: Leaving application in progress...
2026-10-01 23:43:53 | INFO     | kivy | deps: Successfully imported "kivy_deps.angle" 0.5.0
2026-10-01 23:43:53 | INFO     | kivy | deps: Successfully imported "kivy_deps.glew" 0.3.1
2026-10-01 23:43:53 | INFO     | kivy | deps: Successfully imported "kivy_deps.sdl2" 0.8.0
2026-10-01 23:43:53 | INFO     | kivy | Kivy: v2.3.1
2026-10-01 23:43:53 | INFO     | kivy | Kivy: Installed at "C:\Users\ahmet\AppData\Local\Programs\Python\Python312\Lib\site-packages\kivy\__init__.py"
2026-10-01 23:43:53 | INFO     | kivy | Python: v3.12.10 (tags/v3.12.10:0cc8128, Apr  8 2025, 12:21:36) [MSC v.1943 64 bit (AMD64)]
2026-10-01 23:43:53 | INFO     | kivy | Python: Interpreter at "C:\Users\ahmet\AppData\Local\Programs\Python\Python312\python.exe"
2026-10-01 23:43:53 | INFO     | kivy | Factory: 195 symbols loaded
2026-10-01 23:43:53 | INFO     | kivy | Image: Providers: img_tex, img_dds, img_sdl2, img_pil (img_ffpyplayer ignored)
2026-10-01 23:43:53 | INFO     | kivy | Text: Provider: sdl2
2026-10-01 23:43:53 | INFO     | kivy | Window: Provider: sdl2
2026-10-01 23:43:54 | INFO     | kivy | GL: Using the "OpenGL" graphics system
2026-10-01 23:43:54 | INFO     | kivy | GL: GLEW initialization succeeded
2026-10-01 23:43:54 | INFO     | kivy | GL: Backend used <glew>
2026-10-01 23:43:54 | INFO     | kivy | GL: OpenGL version <b'4.6.0 NVIDIA 581.80'>
2026-10-01 23:43:54 | INFO     | kivy | GL: OpenGL vendor <b'NVIDIA Corporation'>
2026-10-01 23:43:54 | INFO     | kivy | GL: OpenGL renderer <b'NVIDIA GeForce GTX 860M/PCIe/SSE2'>
2026-10-01 23:43:54 | INFO     | kivy | GL: OpenGL parsed version: 4, 6
2026-10-01 23:43:54 | INFO     | kivy | GL: Shading version <b'4.60 NVIDIA'>
2026-10-01 23:43:54 | INFO     | kivy | GL: Texture max size <16384>
2026-10-01 23:43:54 | INFO     | kivy | GL: Texture max units <32>
2026-10-01 23:43:54 | INFO     | kivy | Window: auto add sdl2 input provider
2026-10-01 23:43:54 | INFO     | kivy | Window: virtual keyboard not allowed, single mode, not docked
2026-10-01 23:43:54 | INFO     | kivy | Logger: Record log in C:\Users\ahmet\.kivy\logs\kivy_26-10-01_12.txt
2026-10-01 23:43:55 | WARNING  | kivy | stderr: Traceback (most recent call last):
2026-10-01 23:43:55 | WARNING  | kivy | stderr:   File "d:\Program\cad4\main.py", line 33, in <module>
2026-10-01 23:43:55 | WARNING  | kivy | stderr:     from core.gl_engine import KivyCADWidget
2026-10-01 23:43:55 | WARNING  | kivy | stderr:   File "d:\Program\cad4\core\gl_engine.py", line 26, in <module>
2026-10-01 23:43:55 | WARNING  | kivy | stderr:     from tools.loader import ModelLoader
2026-10-01 23:43:55 | WARNING  | kivy | stderr:   File "d:\Program\cad4\tools\loader.py", line 5, in <module>
2026-10-01 23:43:55 | WARNING  | kivy | stderr:     from geometry.spatialgrid import SpatialGrid
2026-10-01 23:43:55 | WARNING  | kivy | stderr: ModuleNotFoundError: No module named 'geometry.spatialgrid'
2026-10-01 23:44:35 | INFO     | kivy | deps: Successfully imported "kivy_deps.angle" 0.5.0
2026-10-01 23:44:35 | INFO     | kivy | deps: Successfully imported "kivy_deps.glew" 0.3.1
2026-10-01 23:44:35 | INFO     | kivy | deps: Successfully imported "kivy_deps.sdl2" 0.8.0
2026-10-01 23:44:35 | INFO     | kivy | Kivy: v2.3.1
2026-10-01 23:44:35 | INFO     | kivy | Kivy: Installed at "C:\Users\ahmet\AppData\Local\Programs\Python\Python312\Lib\site-packages\kivy\__init__.py"
2026-10-01 23:44:35 | INFO     | kivy | Python: v3.12.10 (tags/v3.12.10:0cc8128, Apr  8 2025, 12:21:36) [MSC v.1943 64 bit (AMD64)]
2026-10-01 23:44:35 | INFO     | kivy | Python: Interpreter at "C:\Users\ahmet\AppData\Local\Programs\Python\Python312\python.exe"
2026-10-01 23:44:35 | INFO     | kivy | Factory: 195 symbols loaded
2026-10-01 23:44:35 | INFO     | kivy | Image: Providers: img_tex, img_dds, img_sdl2, img_pil (img_ffpyplayer ignored)
2026-10-01 23:44:36 | INFO     | kivy | Text: Provider: sdl2
2026-10-01 23:44:36 | INFO     | kivy | Window: Provider: sdl2
2026-10-01 23:44:37 | INFO     | kivy | GL: Using the "OpenGL" graphics system
2026-10-01 23:44:37 | INFO     | kivy | GL: GLEW initialization succeeded
2026-10-01 23:44:37 | INFO     | kivy | GL: Backend used <glew>
2026-10-01 23:44:37 | INFO     | kivy | GL: OpenGL version <b'4.6.0 NVIDIA 581.80'>
2026-10-01 23:44:37 | INFO     | kivy | GL: OpenGL vendor <b'NVIDIA Corporation'>
2026-10-01 23:44:37 | INFO     | kivy | GL: OpenGL renderer <b'NVIDIA GeForce GTX 860M/PCIe/SSE2'>
2026-10-01 23:44:37 | INFO     | kivy | GL: OpenGL parsed version: 4, 6
2026-10-01 23:44:37 | INFO     | kivy | GL: Shading version <b'4.60 NVIDIA'>
2026-10-01 23:44:37 | INFO     | kivy | GL: Texture max size <16384>
2026-10-01 23:44:37 | INFO     | kivy | GL: Texture max units <32>
2026-10-01 23:44:37 | INFO     | kivy | Window: auto add sdl2 input provider
2026-10-01 23:44:37 | INFO     | kivy | Window: virtual keyboard not allowed, single mode, not docked
2026-10-01 23:44:37 | INFO     | kivy | Logger: Record log in C:\Users\ahmet\.kivy\logs\kivy_26-10-01_13.txt
2026-10-01 23:44:38 | INFO     | kivy | GL: NPOT texture support is available
2026-10-01 23:44:38 | INFO     | kivy | Base: Start application main loop
2026-10-01 23:44:56 | INFO     | kivy | Base: Leaving application in progress...
2026-10-01 23:52:01 | INFO     | kivy | deps: Successfully imported "kivy_deps.angle" 0.5.0
2026-10-01 23:52:01 | INFO     | kivy | deps: Successfully imported "kivy_deps.glew" 0.3.1
2026-10-01 23:52:01 | INFO     | kivy | deps: Successfully imported "kivy_deps.sdl2" 0.8.0
2026-10-01 23:52:01 | INFO     | kivy | Kivy: v2.3.1
2026-10-01 23:52:01 | INFO     | kivy | Kivy: Installed at "C:\Users\ahmet\AppData\Local\Programs\Python\Python312\Lib\site-packages\kivy\__init__.py"
2026-10-01 23:52:01 | INFO     | kivy | Python: v3.12.10 (tags/v3.12.10:0cc8128, Apr  8 2025, 12:21:36) [MSC v.1943 64 bit (AMD64)]
2026-10-01 23:52:01 | INFO     | kivy | Python: Interpreter at "C:\Users\ahmet\AppData\Local\Programs\Python\Python312\python.exe"
2026-10-01 23:52:01 | INFO     | kivy | Factory: 195 symbols loaded
2026-10-01 23:52:01 | INFO     | kivy | Image: Providers: img_tex, img_dds, img_sdl2, img_pil (img_ffpyplayer ignored)
2026-10-01 23:52:01 | INFO     | kivy | Text: Provider: sdl2
2026-10-01 23:52:01 | INFO     | kivy | Window: Provider: sdl2
2026-10-01 23:52:03 | INFO     | kivy | GL: Using the "OpenGL" graphics system
2026-10-01 23:52:03 | INFO     | kivy | GL: GLEW initialization succeeded
2026-10-01 23:52:03 | INFO     | kivy | GL: Backend used <glew>
2026-10-01 23:52:03 | INFO     | kivy | GL: OpenGL version <b'4.6.0 NVIDIA 581.80'>
2026-10-01 23:52:03 | INFO     | kivy | GL: OpenGL vendor <b'NVIDIA Corporation'>
2026-10-01 23:52:03 | INFO     | kivy | GL: OpenGL renderer <b'NVIDIA GeForce GTX 860M/PCIe/SSE2'>
2026-10-01 23:52:03 | INFO     | kivy | GL: OpenGL parsed version: 4, 6
2026-10-01 23:52:03 | INFO     | kivy | GL: Shading version <b'4.60 NVIDIA'>
2026-10-01 23:52:03 | INFO     | kivy | GL: Texture max size <16384>
2026-10-01 23:52:03 | INFO     | kivy | GL: Texture max units <32>
2026-10-01 23:52:03 | INFO     | kivy | Window: auto add sdl2 input provider
2026-10-01 23:52:03 | INFO     | kivy | Window: virtual keyboard not allowed, single mode, not docked
2026-10-01 23:52:03 | INFO     | kivy | Logger: Record log in C:\Users\ahmet\.kivy\logs\kivy_26-10-01_14.txt
2026-10-01 23:52:03 | WARNING  | kivy | stderr: Traceback (most recent call last):
2026-10-01 23:52:03 | WARNING  | kivy | stderr:   File "d:\Program\cad4\main.py", line 33, in <module>
2026-10-01 23:52:03 | WARNING  | kivy | stderr:     from core.gl_engine import KivyCADWidget
2026-10-01 23:52:03 | WARNING  | kivy | stderr:   File "d:\Program\cad4\core\gl_engine.py", line 11, in <module>
2026-10-01 23:52:03 | WARNING  | kivy | stderr:     import render.shaderprogram as shaderprogram
2026-10-01 23:52:03 | WARNING  | kivy | stderr:   File "d:\Program\cad4\render\shaderprogram.py", line 84
2026-10-01 23:52:03 | WARNING  | kivy | stderr:     return self._uniform_cache[name]
2026-10-01 23:52:03 | WARNING  | kivy | stderr: IndentationError: expected an indented block after 'if' statement on line 82
2026-10-01 23:53:09 | INFO     | kivy | deps: Successfully imported "kivy_deps.angle" 0.5.0
2026-10-01 23:53:09 | INFO     | kivy | deps: Successfully imported "kivy_deps.glew" 0.3.1
2026-10-01 23:53:09 | INFO     | kivy | deps: Successfully imported "kivy_deps.sdl2" 0.8.0
2026-10-01 23:53:09 | INFO     | kivy | Kivy: v2.3.1
2026-10-01 23:53:09 | INFO     | kivy | Kivy: Installed at "C:\Users\ahmet\AppData\Local\Programs\Python\Python312\Lib\site-packages\kivy\__init__.py"
2026-10-01 23:53:09 | INFO     | kivy | Python: v3.12.10 (tags/v3.12.10:0cc8128, Apr  8 2025, 12:21:36) [MSC v.1943 64 bit (AMD64)]
2026-10-01 23:53:09 | INFO     | kivy | Python: Interpreter at "C:\Users\ahmet\AppData\Local\Programs\Python\Python312\python.exe"
2026-10-01 23:53:09 | INFO     | kivy | Factory: 195 symbols loaded
2026-10-01 23:53:09 | INFO     | kivy | Image: Providers: img_tex, img_dds, img_sdl2, img_pil (img_ffpyplayer ignored)
2026-10-01 23:53:09 | INFO     | kivy | Text: Provider: sdl2
2026-10-01 23:53:09 | INFO     | kivy | Window: Provider: sdl2
2026-10-01 23:53:11 | INFO     | kivy | GL: Using the "OpenGL" graphics system
2026-10-01 23:53:11 | INFO     | kivy | GL: GLEW initialization succeeded
2026-10-01 23:53:11 | INFO     | kivy | GL: Backend used <glew>
2026-10-01 23:53:11 | INFO     | kivy | GL: OpenGL version <b'4.6.0 NVIDIA 581.80'>
2026-10-01 23:53:11 | INFO     | kivy | GL: OpenGL vendor <b'NVIDIA Corporation'>
2026-10-01 23:53:11 | INFO     | kivy | GL: OpenGL renderer <b'NVIDIA GeForce GTX 860M/PCIe/SSE2'>
2026-10-01 23:53:11 | INFO     | kivy | GL: OpenGL parsed version: 4, 6
2026-10-01 23:53:11 | INFO     | kivy | GL: Shading version <b'4.60 NVIDIA'>
2026-10-01 23:53:11 | INFO     | kivy | GL: Texture max size <16384>
2026-10-01 23:53:11 | INFO     | kivy | GL: Texture max units <32>
2026-10-01 23:53:11 | INFO     | kivy | Window: auto add sdl2 input provider
2026-10-01 23:53:11 | INFO     | kivy | Window: virtual keyboard not allowed, single mode, not docked
2026-10-01 23:53:11 | INFO     | kivy | Logger: Record log in C:\Users\ahmet\.kivy\logs\kivy_26-10-01_15.txt
2026-10-01 23:53:11 | WARNING  | kivy | stderr: Traceback (most recent call last):
2026-10-01 23:53:11 | WARNING  | kivy | stderr:   File "d:\Program\cad4\main.py", line 33, in <module>
2026-10-01 23:53:11 | WARNING  | kivy | stderr:     from core.gl_engine import KivyCADWidget
2026-10-01 23:53:11 | WARNING  | kivy | stderr:   File "d:\Program\cad4\core\gl_engine.py", line 15, in <module>
2026-10-01 23:53:11 | WARNING  | kivy | stderr:     from ui.inputmanager import (
2026-10-01 23:53:11 | WARNING  | kivy | stderr:   File "d:\Program\cad4\ui\inputmanager.py", line 115
2026-10-01 23:53:11 | WARNING  | kivy | stderr:     f"[Input] Drag started "
2026-10-01 23:53:11 | WARNING  | kivy | stderr: IndentationError: unexpected indent
2026-10-01 23:53:44 | INFO     | kivy | deps: Successfully imported "kivy_deps.angle" 0.5.0
2026-10-01 23:53:44 | INFO     | kivy | deps: Successfully imported "kivy_deps.glew" 0.3.1
2026-10-01 23:53:44 | INFO     | kivy | deps: Successfully imported "kivy_deps.sdl2" 0.8.0
2026-10-01 23:53:44 | INFO     | kivy | Kivy: v2.3.1
2026-10-01 23:53:44 | INFO     | kivy | Kivy: Installed at "C:\Users\ahmet\AppData\Local\Programs\Python\Python312\Lib\site-packages\kivy\__init__.py"
2026-10-01 23:53:44 | INFO     | kivy | Python: v3.12.10 (tags/v3.12.10:0cc8128, Apr  8 2025, 12:21:36) [MSC v.1943 64 bit (AMD64)]
2026-10-01 23:53:44 | INFO     | kivy | Python: Interpreter at "C:\Users\ahmet\AppData\Local\Programs\Python\Python312\python.exe"
2026-10-01 23:53:44 | INFO     | kivy | Factory: 195 symbols loaded
2026-10-01 23:53:44 | INFO     | kivy | Image: Providers: img_tex, img_dds, img_sdl2, img_pil (img_ffpyplayer ignored)
2026-10-01 23:53:44 | INFO     | kivy | Text: Provider: sdl2
2026-10-01 23:53:44 | INFO     | kivy | Window: Provider: sdl2
2026-10-01 23:53:45 | INFO     | kivy | GL: Using the "OpenGL" graphics system
2026-10-01 23:53:45 | INFO     | kivy | GL: GLEW initialization succeeded
2026-10-01 23:53:45 | INFO     | kivy | GL: Backend used <glew>
2026-10-01 23:53:45 | INFO     | kivy | GL: OpenGL version <b'4.6.0 NVIDIA 581.80'>
2026-10-01 23:53:45 | INFO     | kivy | GL: OpenGL vendor <b'NVIDIA Corporation'>
2026-10-01 23:53:45 | INFO     | kivy | GL: OpenGL renderer <b'NVIDIA GeForce GTX 860M/PCIe/SSE2'>
2026-10-01 23:53:45 | INFO     | kivy | GL: OpenGL parsed version: 4, 6
2026-10-01 23:53:45 | INFO     | kivy | GL: Shading version <b'4.60 NVIDIA'>
2026-10-01 23:53:45 | INFO     | kivy | GL: Texture max size <16384>
2026-10-01 23:53:45 | INFO     | kivy | GL: Texture max units <32>
2026-10-01 23:53:45 | INFO     | kivy | Window: auto add sdl2 input provider
2026-10-01 23:53:45 | INFO     | kivy | Window: virtual keyboard not allowed, single mode, not docked
2026-10-01 23:53:45 | INFO     | kivy | Logger: Record log in C:\Users\ahmet\.kivy\logs\kivy_26-10-01_16.txt
2026-10-01 23:53:46 | WARNING  | kivy | stderr: Traceback (most recent call last):
2026-10-01 23:53:46 | WARNING  | kivy | stderr:   File "d:\Program\cad4\main.py", line 33, in <module>
2026-10-01 23:53:46 | WARNING  | kivy | stderr:     from core.gl_engine import KivyCADWidget
2026-10-01 23:53:46 | WARNING  | kivy | stderr:   File "d:\Program\cad4\core\gl_engine.py", line 22, in <module>
2026-10-01 23:53:46 | WARNING  | kivy | stderr:     from tools.gridsystem import GridSystem
2026-10-01 23:53:46 | WARNING  | kivy | stderr:   File "d:\Program\cad4\tools\gridsystem.py", line 195
2026-10-01 23:53:46 | WARNING  | kivy | stderr:     f"[Grid] size={size:.1f}, divisions={divisions}, "
2026-10-01 23:53:46 | WARNING  | kivy | stderr: IndentationError: unexpected indent
2026-10-01 23:54:29 | INFO     | kivy | deps: Successfully imported "kivy_deps.angle" 0.5.0
2026-10-01 23:54:29 | INFO     | kivy | deps: Successfully imported "kivy_deps.glew" 0.3.1
2026-10-01 23:54:29 | INFO     | kivy | deps: Successfully imported "kivy_deps.sdl2" 0.8.0
2026-10-01 23:54:29 | INFO     | kivy | Kivy: v2.3.1
2026-10-01 23:54:29 | INFO     | kivy | Kivy: Installed at "C:\Users\ahmet\AppData\Local\Programs\Python\Python312\Lib\site-packages\kivy\__init__.py"
2026-10-01 23:54:29 | INFO     | kivy | Python: v3.12.10 (tags/v3.12.10:0cc8128, Apr  8 2025, 12:21:36) [MSC v.1943 64 bit (AMD64)]
2026-10-01 23:54:29 | INFO     | kivy | Python: Interpreter at "C:\Users\ahmet\AppData\Local\Programs\Python\Python312\python.exe"
2026-10-01 23:54:30 | INFO     | kivy | Factory: 195 symbols loaded
2026-10-01 23:54:30 | INFO     | kivy | Image: Providers: img_tex, img_dds, img_sdl2, img_pil (img_ffpyplayer ignored)
2026-10-01 23:54:30 | INFO     | kivy | Text: Provider: sdl2
2026-10-01 23:54:30 | INFO     | kivy | Window: Provider: sdl2
2026-10-01 23:54:31 | INFO     | kivy | GL: Using the "OpenGL" graphics system
2026-10-01 23:54:31 | INFO     | kivy | GL: GLEW initialization succeeded
2026-10-01 23:54:31 | INFO     | kivy | GL: Backend used <glew>
2026-10-01 23:54:31 | INFO     | kivy | GL: OpenGL version <b'4.6.0 NVIDIA 581.80'>
2026-10-01 23:54:31 | INFO     | kivy | GL: OpenGL vendor <b'NVIDIA Corporation'>
2026-10-01 23:54:31 | INFO     | kivy | GL: OpenGL renderer <b'NVIDIA GeForce GTX 860M/PCIe/SSE2'>
2026-10-01 23:54:31 | INFO     | kivy | GL: OpenGL parsed version: 4, 6
2026-10-01 23:54:31 | INFO     | kivy | GL: Shading version <b'4.60 NVIDIA'>
2026-10-01 23:54:31 | INFO     | kivy | GL: Texture max size <16384>
2026-10-01 23:54:31 | INFO     | kivy | GL: Texture max units <32>
2026-10-01 23:54:32 | INFO     | kivy | Window: auto add sdl2 input provider
2026-10-01 23:54:32 | INFO     | kivy | Window: virtual keyboard not allowed, single mode, not docked
2026-10-01 23:54:32 | INFO     | kivy | Logger: Record log in C:\Users\ahmet\.kivy\logs\kivy_26-10-01_17.txt
2026-10-01 23:54:32 | WARNING  | kivy | stderr: Traceback (most recent call last):
2026-10-01 23:54:32 | WARNING  | kivy | stderr:   File "d:\Program\cad4\main.py", line 33, in <module>
2026-10-01 23:54:32 | WARNING  | kivy | stderr:     from core.gl_engine import KivyCADWidget
2026-10-01 23:54:32 | WARNING  | kivy | stderr:   File "d:\Program\cad4\core\gl_engine.py", line 23, in <module>
2026-10-01 23:54:32 | WARNING  | kivy | stderr:     from render.scenerenderer import SceneRenderer
2026-10-01 23:54:32 | WARNING  | kivy | stderr:   File "d:\Program\cad4\render\scenerenderer.py", line 645
2026-10-01 23:54:32 | WARNING  | kivy | stderr:     )
2026-10-01 23:54:32 | WARNING  | kivy | stderr:     ^
2026-10-01 23:54:32 | WARNING  | kivy | stderr: SyntaxError: unmatched ')'
2026-10-01 23:55:18 | INFO     | kivy | deps: Successfully imported "kivy_deps.angle" 0.5.0
2026-10-01 23:55:18 | INFO     | kivy | deps: Successfully imported "kivy_deps.glew" 0.3.1
2026-10-01 23:55:18 | INFO     | kivy | deps: Successfully imported "kivy_deps.sdl2" 0.8.0
2026-10-01 23:55:18 | INFO     | kivy | Kivy: v2.3.1
2026-10-01 23:55:18 | INFO     | kivy | Kivy: Installed at "C:\Users\ahmet\AppData\Local\Programs\Python\Python312\Lib\site-packages\kivy\__init__.py"
2026-10-01 23:55:18 | INFO     | kivy | Python: v3.12.10 (tags/v3.12.10:0cc8128, Apr  8 2025, 12:21:36) [MSC v.1943 64 bit (AMD64)]
2026-10-01 23:55:19 | INFO     | kivy | Python: Interpreter at "C:\Users\ahmet\AppData\Local\Programs\Python\Python312\python.exe"
2026-10-01 23:55:19 | INFO     | kivy | Factory: 195 symbols loaded
2026-10-01 23:55:19 | INFO     | kivy | Image: Providers: img_tex, img_dds, img_sdl2, img_pil (img_ffpyplayer ignored)
2026-10-01 23:55:19 | INFO     | kivy | Text: Provider: sdl2
2026-10-01 23:55:19 | INFO     | kivy | Window: Provider: sdl2
2026-10-01 23:55:20 | INFO     | kivy | GL: Using the "OpenGL" graphics system
2026-10-01 23:55:20 | INFO     | kivy | GL: GLEW initialization succeeded
2026-10-01 23:55:20 | INFO     | kivy | GL: Backend used <glew>
2026-10-01 23:55:20 | INFO     | kivy | GL: OpenGL version <b'4.6.0 NVIDIA 581.80'>
2026-10-01 23:55:20 | INFO     | kivy | GL: OpenGL vendor <b'NVIDIA Corporation'>
2026-10-01 23:55:20 | INFO     | kivy | GL: OpenGL renderer <b'NVIDIA GeForce GTX 860M/PCIe/SSE2'>
2026-10-01 23:55:20 | INFO     | kivy | GL: OpenGL parsed version: 4, 6
2026-10-01 23:55:20 | INFO     | kivy | GL: Shading version <b'4.60 NVIDIA'>
2026-10-01 23:55:20 | INFO     | kivy | GL: Texture max size <16384>
2026-10-01 23:55:20 | INFO     | kivy | GL: Texture max units <32>
2026-10-01 23:55:20 | INFO     | kivy | Window: auto add sdl2 input provider
2026-10-01 23:55:20 | INFO     | kivy | Window: virtual keyboard not allowed, single mode, not docked
2026-10-01 23:55:20 | INFO     | kivy | Logger: Record log in C:\Users\ahmet\.kivy\logs\kivy_26-10-01_18.txt
2026-10-01 23:55:20 | WARNING  | kivy | stderr: Traceback (most recent call last):
2026-10-01 23:55:20 | WARNING  | kivy | stderr:   File "d:\Program\cad4\main.py", line 33, in <module>
2026-10-01 23:55:20 | WARNING  | kivy | stderr:     from core.gl_engine import KivyCADWidget
2026-10-01 23:55:20 | WARNING  | kivy | stderr:   File "d:\Program\cad4\core\gl_engine.py", line 23, in <module>
2026-10-01 23:55:20 | WARNING  | kivy | stderr:     from render.scenerenderer import SceneRenderer
2026-10-01 23:55:20 | WARNING  | kivy | stderr:   File "d:\Program\cad4\render\scenerenderer.py", line 10, in <module>
2026-10-01 23:55:20 | WARNING  | kivy | stderr:     from tools.gizmo import GizmoAxes
2026-10-01 23:55:20 | WARNING  | kivy | stderr:   File "d:\Program\cad4\tools\gizmo.py", line 197
2026-10-01 23:55:20 | WARNING  | kivy | stderr:     def cleanup(self):
2026-10-01 23:55:20 | WARNING  | kivy | stderr: IndentationError: expected an indented block after 'except' statement on line 194
2026-10-01 23:55:38 | INFO     | kivy | deps: Successfully imported "kivy_deps.angle" 0.5.0
2026-10-01 23:55:38 | INFO     | kivy | deps: Successfully imported "kivy_deps.glew" 0.3.1
2026-10-01 23:55:38 | INFO     | kivy | deps: Successfully imported "kivy_deps.sdl2" 0.8.0
2026-10-01 23:55:38 | INFO     | kivy | Kivy: v2.3.1
2026-10-01 23:55:38 | INFO     | kivy | Kivy: Installed at "C:\Users\ahmet\AppData\Local\Programs\Python\Python312\Lib\site-packages\kivy\__init__.py"
2026-10-01 23:55:38 | INFO     | kivy | Python: v3.12.10 (tags/v3.12.10:0cc8128, Apr  8 2025, 12:21:36) [MSC v.1943 64 bit (AMD64)]
2026-10-01 23:55:38 | INFO     | kivy | Python: Interpreter at "C:\Users\ahmet\AppData\Local\Programs\Python\Python312\python.exe"
2026-10-01 23:55:38 | INFO     | kivy | Factory: 195 symbols loaded
2026-10-01 23:55:38 | INFO     | kivy | Image: Providers: img_tex, img_dds, img_sdl2, img_pil (img_ffpyplayer ignored)
2026-10-01 23:55:38 | INFO     | kivy | Text: Provider: sdl2
2026-10-01 23:55:38 | INFO     | kivy | Window: Provider: sdl2
2026-10-01 23:55:39 | INFO     | kivy | GL: Using the "OpenGL" graphics system
2026-10-01 23:55:39 | INFO     | kivy | GL: GLEW initialization succeeded
2026-10-01 23:55:39 | INFO     | kivy | GL: Backend used <glew>
2026-10-01 23:55:39 | INFO     | kivy | GL: OpenGL version <b'4.6.0 NVIDIA 581.80'>
2026-10-01 23:55:39 | INFO     | kivy | GL: OpenGL vendor <b'NVIDIA Corporation'>
2026-10-01 23:55:39 | INFO     | kivy | GL: OpenGL renderer <b'NVIDIA GeForce GTX 860M/PCIe/SSE2'>
2026-10-01 23:55:39 | INFO     | kivy | GL: OpenGL parsed version: 4, 6
2026-10-01 23:55:39 | INFO     | kivy | GL: Shading version <b'4.60 NVIDIA'>
2026-10-01 23:55:39 | INFO     | kivy | GL: Texture max size <16384>
2026-10-01 23:55:39 | INFO     | kivy | GL: Texture max units <32>
2026-10-01 23:55:39 | INFO     | kivy | Window: auto add sdl2 input provider
2026-10-01 23:55:39 | INFO     | kivy | Window: virtual keyboard not allowed, single mode, not docked
2026-10-01 23:55:39 | INFO     | kivy | Logger: Record log in C:\Users\ahmet\.kivy\logs\kivy_26-10-01_19.txt
2026-10-01 23:55:39 | WARNING  | kivy | stderr: Traceback (most recent call last):
2026-10-01 23:55:39 | WARNING  | kivy | stderr:   File "d:\Program\cad4\main.py", line 33, in <module>
2026-10-01 23:55:39 | WARNING  | kivy | stderr:     from core.gl_engine import KivyCADWidget
2026-10-01 23:55:39 | WARNING  | kivy | stderr:   File "d:\Program\cad4\core\gl_engine.py", line 23, in <module>
2026-10-01 23:55:39 | WARNING  | kivy | stderr:     from render.scenerenderer import SceneRenderer
2026-10-01 23:55:39 | WARNING  | kivy | stderr:   File "d:\Program\cad4\render\scenerenderer.py", line 13, in <module>
2026-10-01 23:55:39 | WARNING  | kivy | stderr:     from render.base_renderer import PolygonRenderer, _final_color_for, BaseRenderer, FrameRenderer, NodeRenderer, AreaRenderer, LinkRenderer
2026-10-01 23:55:39 | WARNING  | kivy | stderr:   File "d:\Program\cad4\render\base_renderer.py", line 367
2026-10-01 23:55:39 | WARNING  | kivy | stderr:     f"{self.__class__.__name__}: simple_vcount="
2026-10-01 23:55:39 | WARNING  | kivy | stderr: IndentationError: unexpected indent
2026-10-01 23:56:18 | INFO     | kivy | deps: Successfully imported "kivy_deps.angle" 0.5.0
2026-10-01 23:56:18 | INFO     | kivy | deps: Successfully imported "kivy_deps.glew" 0.3.1
2026-10-01 23:56:18 | INFO     | kivy | deps: Successfully imported "kivy_deps.sdl2" 0.8.0
2026-10-01 23:56:18 | INFO     | kivy | Kivy: v2.3.1
2026-10-01 23:56:18 | INFO     | kivy | Kivy: Installed at "C:\Users\ahmet\AppData\Local\Programs\Python\Python312\Lib\site-packages\kivy\__init__.py"
2026-10-01 23:56:18 | INFO     | kivy | Python: v3.12.10 (tags/v3.12.10:0cc8128, Apr  8 2025, 12:21:36) [MSC v.1943 64 bit (AMD64)]
2026-10-01 23:56:18 | INFO     | kivy | Python: Interpreter at "C:\Users\ahmet\AppData\Local\Programs\Python\Python312\python.exe"
2026-10-01 23:56:18 | INFO     | kivy | Factory: 195 symbols loaded
2026-10-01 23:56:18 | INFO     | kivy | Image: Providers: img_tex, img_dds, img_sdl2, img_pil (img_ffpyplayer ignored)
2026-10-01 23:56:18 | INFO     | kivy | Text: Provider: sdl2
2026-10-01 23:56:18 | INFO     | kivy | Window: Provider: sdl2
2026-10-01 23:56:20 | INFO     | kivy | GL: Using the "OpenGL" graphics system
2026-10-01 23:56:20 | INFO     | kivy | GL: GLEW initialization succeeded
2026-10-01 23:56:20 | INFO     | kivy | GL: Backend used <glew>
2026-10-01 23:56:20 | INFO     | kivy | GL: OpenGL version <b'4.6.0 NVIDIA 581.80'>
2026-10-01 23:56:20 | INFO     | kivy | GL: OpenGL vendor <b'NVIDIA Corporation'>
2026-10-01 23:56:20 | INFO     | kivy | GL: OpenGL renderer <b'NVIDIA GeForce GTX 860M/PCIe/SSE2'>
2026-10-01 23:56:20 | INFO     | kivy | GL: OpenGL parsed version: 4, 6
2026-10-01 23:56:20 | INFO     | kivy | GL: Shading version <b'4.60 NVIDIA'>
2026-10-01 23:56:20 | INFO     | kivy | GL: Texture max size <16384>
2026-10-01 23:56:20 | INFO     | kivy | GL: Texture max units <32>
2026-10-01 23:56:20 | INFO     | kivy | Window: auto add sdl2 input provider
2026-10-01 23:56:20 | INFO     | kivy | Window: virtual keyboard not allowed, single mode, not docked
2026-10-01 23:56:20 | INFO     | kivy | Logger: Record log in C:\Users\ahmet\.kivy\logs\kivy_26-10-01_20.txt
2026-10-01 23:56:20 | WARNING  | kivy | stderr: Traceback (most recent call last):
2026-10-01 23:56:20 | WARNING  | kivy | stderr:   File "d:\Program\cad4\main.py", line 33, in <module>
2026-10-01 23:56:20 | WARNING  | kivy | stderr:     from core.gl_engine import KivyCADWidget
2026-10-01 23:56:20 | WARNING  | kivy | stderr:   File "d:\Program\cad4\core\gl_engine.py", line 23, in <module>
2026-10-01 23:56:20 | WARNING  | kivy | stderr:     from render.scenerenderer import SceneRenderer
2026-10-01 23:56:20 | WARNING  | kivy | stderr:   File "d:\Program\cad4\render\scenerenderer.py", line 14, in <module>
2026-10-01 23:56:20 | WARNING  | kivy | stderr:     from render.pickpass import PickPass
2026-10-01 23:56:20 | WARNING  | kivy | stderr:   File "d:\Program\cad4\render\pickpass.py", line 238
2026-10-01 23:56:20 | WARNING  | kivy | stderr:     # logger.debug(f"Cleanup hatası: {e}")
2026-10-01 23:56:20 | WARNING  | kivy | stderr:                                           ^
2026-10-01 23:56:20 | WARNING  | kivy | stderr: IndentationError: expected an indented block after 'except' statement on line 237
2026-10-01 23:56:33 | INFO     | kivy | deps: Successfully imported "kivy_deps.angle" 0.5.0
2026-10-01 23:56:33 | INFO     | kivy | deps: Successfully imported "kivy_deps.glew" 0.3.1
2026-10-01 23:56:33 | INFO     | kivy | deps: Successfully imported "kivy_deps.sdl2" 0.8.0
2026-10-01 23:56:33 | INFO     | kivy | Kivy: v2.3.1
2026-10-01 23:56:33 | INFO     | kivy | Kivy: Installed at "C:\Users\ahmet\AppData\Local\Programs\Python\Python312\Lib\site-packages\kivy\__init__.py"
2026-10-01 23:56:33 | INFO     | kivy | Python: v3.12.10 (tags/v3.12.10:0cc8128, Apr  8 2025, 12:21:36) [MSC v.1943 64 bit (AMD64)]
2026-10-01 23:56:33 | INFO     | kivy | Python: Interpreter at "C:\Users\ahmet\AppData\Local\Programs\Python\Python312\python.exe"
2026-10-01 23:56:33 | INFO     | kivy | Factory: 195 symbols loaded
2026-10-01 23:56:33 | INFO     | kivy | Image: Providers: img_tex, img_dds, img_sdl2, img_pil (img_ffpyplayer ignored)
2026-10-01 23:56:34 | INFO     | kivy | Text: Provider: sdl2
2026-10-01 23:56:34 | INFO     | kivy | Window: Provider: sdl2
2026-10-01 23:56:35 | INFO     | kivy | GL: Using the "OpenGL" graphics system
2026-10-01 23:56:35 | INFO     | kivy | GL: GLEW initialization succeeded
2026-10-01 23:56:35 | INFO     | kivy | GL: Backend used <glew>
2026-10-01 23:56:35 | INFO     | kivy | GL: OpenGL version <b'4.6.0 NVIDIA 581.80'>
2026-10-01 23:56:35 | INFO     | kivy | GL: OpenGL vendor <b'NVIDIA Corporation'>
2026-10-01 23:56:35 | INFO     | kivy | GL: OpenGL renderer <b'NVIDIA GeForce GTX 860M/PCIe/SSE2'>
2026-10-01 23:56:35 | INFO     | kivy | GL: OpenGL parsed version: 4, 6
2026-10-01 23:56:35 | INFO     | kivy | GL: Shading version <b'4.60 NVIDIA'>
2026-10-01 23:56:35 | INFO     | kivy | GL: Texture max size <16384>
2026-10-01 23:56:35 | INFO     | kivy | GL: Texture max units <32>
2026-10-01 23:56:35 | INFO     | kivy | Window: auto add sdl2 input provider
2026-10-01 23:56:35 | INFO     | kivy | Window: virtual keyboard not allowed, single mode, not docked
2026-10-01 23:56:36 | INFO     | kivy | Logger: Record log in C:\Users\ahmet\.kivy\logs\kivy_26-10-01_21.txt
2026-10-01 23:56:37 | INFO     | kivy | GL: NPOT texture support is available
2026-10-01 23:56:37 | INFO     | kivy | Base: Start application main loop
2026-10-01 23:57:02 | INFO     | kivy | Base: Leaving application in progress...
2026-10-01 23:57:46 | INFO     | kivy | deps: Successfully imported "kivy_deps.angle" 0.5.0
2026-10-01 23:57:46 | INFO     | kivy | deps: Successfully imported "kivy_deps.glew" 0.3.1
2026-10-01 23:57:46 | INFO     | kivy | deps: Successfully imported "kivy_deps.sdl2" 0.8.0
2026-10-01 23:57:46 | INFO     | kivy | Kivy: v2.3.1
2026-10-01 23:57:46 | INFO     | kivy | Kivy: Installed at "C:\Users\ahmet\AppData\Local\Programs\Python\Python312\Lib\site-packages\kivy\__init__.py"
2026-10-01 23:57:46 | INFO     | kivy | Python: v3.12.10 (tags/v3.12.10:0cc8128, Apr  8 2025, 12:21:36) [MSC v.1943 64 bit (AMD64)]
2026-10-01 23:57:46 | INFO     | kivy | Python: Interpreter at "C:\Users\ahmet\AppData\Local\Programs\Python\Python312\python.exe"
2026-10-01 23:57:46 | INFO     | kivy | Factory: 195 symbols loaded
2026-10-01 23:57:46 | INFO     | kivy | Image: Providers: img_tex, img_dds, img_sdl2, img_pil (img_ffpyplayer ignored)
2026-10-01 23:57:46 | INFO     | kivy | Text: Provider: sdl2
2026-10-01 23:57:46 | INFO     | kivy | Window: Provider: sdl2
2026-10-01 23:57:47 | INFO     | kivy | GL: Using the "OpenGL" graphics system
2026-10-01 23:57:47 | INFO     | kivy | GL: GLEW initialization succeeded
2026-10-01 23:57:47 | INFO     | kivy | GL: Backend used <glew>
2026-10-01 23:57:47 | INFO     | kivy | GL: OpenGL version <b'4.6.0 NVIDIA 581.80'>
2026-10-01 23:57:47 | INFO     | kivy | GL: OpenGL vendor <b'NVIDIA Corporation'>
2026-10-01 23:57:47 | INFO     | kivy | GL: OpenGL renderer <b'NVIDIA GeForce GTX 860M/PCIe/SSE2'>
2026-10-01 23:57:47 | INFO     | kivy | GL: OpenGL parsed version: 4, 6
2026-10-01 23:57:47 | INFO     | kivy | GL: Shading version <b'4.60 NVIDIA'>
2026-10-01 23:57:47 | INFO     | kivy | GL: Texture max size <16384>
2026-10-01 23:57:47 | INFO     | kivy | GL: Texture max units <32>
2026-10-01 23:57:47 | INFO     | kivy | Window: auto add sdl2 input provider
2026-10-01 23:57:47 | INFO     | kivy | Window: virtual keyboard not allowed, single mode, not docked
2026-10-01 23:57:47 | INFO     | kivy | Logger: Record log in C:\Users\ahmet\.kivy\logs\kivy_26-10-01_22.txt
2026-10-01 23:57:48 | INFO     | kivy | GL: NPOT texture support is available
2026-10-01 23:57:48 | INFO     | kivy | Base: Start application main loop
2026-10-01 23:58:04 | INFO     | kivy | Base: Leaving application in progress...
2026-10-02 00:02:03 | INFO     | kivy | deps: Successfully imported "kivy_deps.angle" 0.5.0
2026-10-02 00:02:03 | INFO     | kivy | deps: Successfully imported "kivy_deps.glew" 0.3.1
2026-10-02 00:02:03 | INFO     | kivy | deps: Successfully imported "kivy_deps.sdl2" 0.8.0
2026-10-02 00:02:03 | INFO     | kivy | Kivy: v2.3.1
2026-10-02 00:02:03 | INFO     | kivy | Kivy: Installed at "C:\Users\ahmet\AppData\Local\Programs\Python\Python312\Lib\site-packages\kivy\__init__.py"
2026-10-02 00:02:03 | INFO     | kivy | Python: v3.12.10 (tags/v3.12.10:0cc8128, Apr  8 2025, 12:21:36) [MSC v.1943 64 bit (AMD64)]
2026-10-02 00:02:03 | INFO     | kivy | Python: Interpreter at "C:\Users\ahmet\AppData\Local\Programs\Python\Python312\python.exe"
2026-10-02 00:02:03 | INFO     | kivy | Factory: 195 symbols loaded
2026-10-02 00:02:03 | INFO     | kivy | Image: Providers: img_tex, img_dds, img_sdl2, img_pil (img_ffpyplayer ignored)
2026-10-02 00:02:03 | INFO     | kivy | Text: Provider: sdl2
2026-10-02 00:02:03 | INFO     | kivy | Window: Provider: sdl2
2026-10-02 00:02:05 | INFO     | kivy | GL: Using the "OpenGL" graphics system
2026-10-02 00:02:05 | INFO     | kivy | GL: GLEW initialization succeeded
2026-10-02 00:02:05 | INFO     | kivy | GL: Backend used <glew>
2026-10-02 00:02:05 | INFO     | kivy | GL: OpenGL version <b'4.6.0 NVIDIA 581.80'>
2026-10-02 00:02:05 | INFO     | kivy | GL: OpenGL vendor <b'NVIDIA Corporation'>
2026-10-02 00:02:05 | INFO     | kivy | GL: OpenGL renderer <b'NVIDIA GeForce GTX 860M/PCIe/SSE2'>
2026-10-02 00:02:05 | INFO     | kivy | GL: OpenGL parsed version: 4, 6
2026-10-02 00:02:05 | INFO     | kivy | GL: Shading version <b'4.60 NVIDIA'>
2026-10-02 00:02:05 | INFO     | kivy | GL: Texture max size <16384>
2026-10-02 00:02:05 | INFO     | kivy | GL: Texture max units <32>
2026-10-02 00:02:05 | INFO     | kivy | Window: auto add sdl2 input provider
2026-10-02 00:02:05 | INFO     | kivy | Window: virtual keyboard not allowed, single mode, not docked
2026-10-02 00:02:05 | INFO     | kivy | Logger: Record log in C:\Users\ahmet\.kivy\logs\kivy_26-10-02_0.txt
2026-10-02 00:02:06 | INFO     | kivy | GL: NPOT texture support is available
2026-10-02 00:02:06 | INFO     | kivy | Base: Start application main loop
2026-10-02 00:02:13 | INFO     | kivy | Base: Leaving application in progress...
2026-10-02 00:03:34 | INFO     | kivy | deps: Successfully imported "kivy_deps.angle" 0.5.0
2026-10-02 00:03:34 | INFO     | kivy | deps: Successfully imported "kivy_deps.glew" 0.3.1
2026-10-02 00:03:34 | INFO     | kivy | deps: Successfully imported "kivy_deps.sdl2" 0.8.0
2026-10-02 00:03:34 | INFO     | kivy | Kivy: v2.3.1
2026-10-02 00:03:34 | INFO     | kivy | Kivy: Installed at "C:\Users\ahmet\AppData\Local\Programs\Python\Python312\Lib\site-packages\kivy\__init__.py"
2026-10-02 00:03:34 | INFO     | kivy | Python: v3.12.10 (tags/v3.12.10:0cc8128, Apr  8 2025, 12:21:36) [MSC v.1943 64 bit (AMD64)]
2026-10-02 00:03:34 | INFO     | kivy | Python: Interpreter at "C:\Users\ahmet\AppData\Local\Programs\Python\Python312\python.exe"
2026-10-02 00:03:34 | INFO     | kivy | Factory: 195 symbols loaded
2026-10-02 00:03:34 | INFO     | kivy | Image: Providers: img_tex, img_dds, img_sdl2, img_pil (img_ffpyplayer ignored)
2026-10-02 00:03:34 | INFO     | kivy | Text: Provider: sdl2
2026-10-02 00:03:34 | INFO     | kivy | Window: Provider: sdl2
2026-10-02 00:03:36 | INFO     | kivy | GL: Using the "OpenGL" graphics system
2026-10-02 00:03:36 | INFO     | kivy | GL: GLEW initialization succeeded
2026-10-02 00:03:36 | INFO     | kivy | GL: Backend used <glew>
2026-10-02 00:03:36 | INFO     | kivy | GL: OpenGL version <b'4.6.0 NVIDIA 581.80'>
2026-10-02 00:03:36 | INFO     | kivy | GL: OpenGL vendor <b'NVIDIA Corporation'>
2026-10-02 00:03:36 | INFO     | kivy | GL: OpenGL renderer <b'NVIDIA GeForce GTX 860M/PCIe/SSE2'>
2026-10-02 00:03:36 | INFO     | kivy | GL: OpenGL parsed version: 4, 6
2026-10-02 00:03:36 | INFO     | kivy | GL: Shading version <b'4.60 NVIDIA'>
2026-10-02 00:03:36 | INFO     | kivy | GL: Texture max size <16384>
2026-10-02 00:03:36 | INFO     | kivy | GL: Texture max units <32>
2026-10-02 00:03:36 | INFO     | kivy | Window: auto add sdl2 input provider
2026-10-02 00:03:36 | INFO     | kivy | Window: virtual keyboard not allowed, single mode, not docked
2026-10-02 00:03:36 | INFO     | kivy | Logger: Record log in C:\Users\ahmet\.kivy\logs\kivy_26-10-02_1.txt
2026-10-02 00:03:37 | INFO     | kivy | GL: NPOT texture support is available
2026-10-02 00:03:37 | INFO     | kivy | Base: Start application main loop
2026-10-02 00:03:47 | INFO     | kivy | Base: Leaving application in progress...
2026-10-02 00:11:25 | INFO     | kivy | deps: Successfully imported "kivy_deps.angle" 0.5.0
2026-10-02 00:11:25 | INFO     | kivy | deps: Successfully imported "kivy_deps.glew" 0.3.1
2026-10-02 00:11:25 | INFO     | kivy | deps: Successfully imported "kivy_deps.sdl2" 0.8.0
2026-10-02 00:11:25 | INFO     | kivy | Kivy: v2.3.1
2026-10-02 00:11:25 | INFO     | kivy | Kivy: Installed at "C:\Users\ahmet\AppData\Local\Programs\Python\Python312\Lib\site-packages\kivy\__init__.py"
2026-10-02 00:11:25 | INFO     | kivy | Python: v3.12.10 (tags/v3.12.10:0cc8128, Apr  8 2025, 12:21:36) [MSC v.1943 64 bit (AMD64)]
2026-10-02 00:11:25 | INFO     | kivy | Python: Interpreter at "C:\Users\ahmet\AppData\Local\Programs\Python\Python312\python.exe"
2026-10-02 00:11:25 | INFO     | kivy | Factory: 195 symbols loaded
2026-10-02 00:11:26 | INFO     | kivy | Image: Providers: img_tex, img_dds, img_sdl2, img_pil (img_ffpyplayer ignored)
2026-10-02 00:11:26 | INFO     | kivy | Text: Provider: sdl2
2026-10-02 00:11:26 | INFO     | kivy | Window: Provider: sdl2
2026-10-02 00:11:27 | INFO     | kivy | GL: Using the "OpenGL" graphics system
2026-10-02 00:11:27 | INFO     | kivy | GL: GLEW initialization succeeded
2026-10-02 00:11:27 | INFO     | kivy | GL: Backend used <glew>
2026-10-02 00:11:27 | INFO     | kivy | GL: OpenGL version <b'4.6.0 NVIDIA 581.80'>
2026-10-02 00:11:27 | INFO     | kivy | GL: OpenGL vendor <b'NVIDIA Corporation'>
2026-10-02 00:11:27 | INFO     | kivy | GL: OpenGL renderer <b'NVIDIA GeForce GTX 860M/PCIe/SSE2'>
2026-10-02 00:11:27 | INFO     | kivy | GL: OpenGL parsed version: 4, 6
2026-10-02 00:11:27 | INFO     | kivy | GL: Shading version <b'4.60 NVIDIA'>
2026-10-02 00:11:27 | INFO     | kivy | GL: Texture max size <16384>
2026-10-02 00:11:27 | INFO     | kivy | GL: Texture max units <32>
2026-10-02 00:11:27 | INFO     | kivy | Window: auto add sdl2 input provider
2026-10-02 00:11:27 | INFO     | kivy | Window: virtual keyboard not allowed, single mode, not docked
2026-10-02 00:11:27 | INFO     | kivy | Logger: Record log in C:\Users\ahmet\.kivy\logs\kivy_26-10-02_2.txt
2026-10-02 00:11:28 | INFO     | kivy | GL: NPOT texture support is available
2026-10-02 00:11:28 | INFO     | kivy | Base: Start application main loop
2026-10-02 00:11:36 | INFO     | kivy | Base: Leaving application in progress...
2026-10-02 00:12:36 | INFO     | kivy | deps: Successfully imported "kivy_deps.angle" 0.5.0
2026-10-02 00:12:36 | INFO     | kivy | deps: Successfully imported "kivy_deps.glew" 0.3.1
2026-10-02 00:12:36 | INFO     | kivy | deps: Successfully imported "kivy_deps.sdl2" 0.8.0
2026-10-02 00:12:36 | INFO     | kivy | Kivy: v2.3.1
2026-10-02 00:12:36 | INFO     | kivy | Kivy: Installed at "C:\Users\ahmet\AppData\Local\Programs\Python\Python312\Lib\site-packages\kivy\__init__.py"
2026-10-02 00:12:36 | INFO     | kivy | Python: v3.12.10 (tags/v3.12.10:0cc8128, Apr  8 2025, 12:21:36) [MSC v.1943 64 bit (AMD64)]
2026-10-02 00:12:36 | INFO     | kivy | Python: Interpreter at "C:\Users\ahmet\AppData\Local\Programs\Python\Python312\python.exe"
2026-10-02 00:12:36 | INFO     | kivy | Factory: 195 symbols loaded
2026-10-02 00:12:36 | INFO     | kivy | Image: Providers: img_tex, img_dds, img_sdl2, img_pil (img_ffpyplayer ignored)
2026-10-02 00:12:37 | INFO     | kivy | Text: Provider: sdl2
2026-10-02 00:12:37 | INFO     | kivy | Window: Provider: sdl2
2026-10-02 00:12:38 | INFO     | kivy | GL: Using the "OpenGL" graphics system
2026-10-02 00:12:38 | INFO     | kivy | GL: GLEW initialization succeeded
2026-10-02 00:12:38 | INFO     | kivy | GL: Backend used <glew>
2026-10-02 00:12:38 | INFO     | kivy | GL: OpenGL version <b'4.6.0 NVIDIA 581.80'>
2026-10-02 00:12:38 | INFO     | kivy | GL: OpenGL vendor <b'NVIDIA Corporation'>
2026-10-02 00:12:38 | INFO     | kivy | GL: OpenGL renderer <b'NVIDIA GeForce GTX 860M/PCIe/SSE2'>
2026-10-02 00:12:38 | INFO     | kivy | GL: OpenGL parsed version: 4, 6
2026-10-02 00:12:38 | INFO     | kivy | GL: Shading version <b'4.60 NVIDIA'>
2026-10-02 00:12:38 | INFO     | kivy | GL: Texture max size <16384>
2026-10-02 00:12:38 | INFO     | kivy | GL: Texture max units <32>
2026-10-02 00:12:38 | INFO     | kivy | Window: auto add sdl2 input provider
2026-10-02 00:12:38 | INFO     | kivy | Window: virtual keyboard not allowed, single mode, not docked
2026-10-02 00:12:38 | INFO     | kivy | Logger: Record log in C:\Users\ahmet\.kivy\logs\kivy_26-10-02_3.txt
2026-10-02 00:12:39 | INFO     | kivy | GL: NPOT texture support is available
2026-10-02 00:12:39 | INFO     | kivy | Base: Start application main loop
2026-10-02 00:13:27 | INFO     | kivy | Base: Leaving application in progress...
2026-10-02 00:13:29 | INFO     | kivy | deps: Successfully imported "kivy_deps.angle" 0.5.0
2026-10-02 00:13:29 | INFO     | kivy | deps: Successfully imported "kivy_deps.glew" 0.3.1
2026-10-02 00:13:29 | INFO     | kivy | deps: Successfully imported "kivy_deps.sdl2" 0.8.0
2026-10-02 00:13:29 | INFO     | kivy | Kivy: v2.3.1
2026-10-02 00:13:29 | INFO     | kivy | Kivy: Installed at "C:\Users\ahmet\AppData\Local\Programs\Python\Python312\Lib\site-packages\kivy\__init__.py"
2026-10-02 00:13:29 | INFO     | kivy | Python: v3.12.10 (tags/v3.12.10:0cc8128, Apr  8 2025, 12:21:36) [MSC v.1943 64 bit (AMD64)]
2026-10-02 00:13:29 | INFO     | kivy | Python: Interpreter at "C:\Users\ahmet\AppData\Local\Programs\Python\Python312\python.exe"
2026-10-02 00:13:30 | INFO     | kivy | Factory: 195 symbols loaded
2026-10-02 00:13:30 | INFO     | kivy | Image: Providers: img_tex, img_dds, img_sdl2, img_pil (img_ffpyplayer ignored)
2026-10-02 00:13:30 | INFO     | kivy | Text: Provider: sdl2
2026-10-02 00:13:30 | INFO     | kivy | Window: Provider: sdl2
2026-10-02 00:13:30 | INFO     | kivy | GL: Using the "OpenGL" graphics system
2026-10-02 00:13:30 | INFO     | kivy | GL: GLEW initialization succeeded
2026-10-02 00:13:30 | INFO     | kivy | GL: Backend used <glew>
2026-10-02 00:13:30 | INFO     | kivy | GL: OpenGL version <b'4.6.0 NVIDIA 581.80'>
2026-10-02 00:13:30 | INFO     | kivy | GL: OpenGL vendor <b'NVIDIA Corporation'>
2026-10-02 00:13:30 | INFO     | kivy | GL: OpenGL renderer <b'NVIDIA GeForce GTX 860M/PCIe/SSE2'>
2026-10-02 00:13:30 | INFO     | kivy | GL: OpenGL parsed version: 4, 6
2026-10-02 00:13:30 | INFO     | kivy | GL: Shading version <b'4.60 NVIDIA'>
2026-10-02 00:13:30 | INFO     | kivy | GL: Texture max size <16384>
2026-10-02 00:13:30 | INFO     | kivy | GL: Texture max units <32>
2026-10-02 00:13:30 | INFO     | kivy | Window: auto add sdl2 input provider
2026-10-02 00:13:30 | INFO     | kivy | Window: virtual keyboard not allowed, single mode, not docked
2026-10-02 00:13:31 | INFO     | kivy | GL: NPOT texture support is available
2026-10-02 00:13:31 | INFO     | kivy | Base: Start application main loop
2026-10-02 00:13:31 | INFO     | kivy | Logger: Record log in C:\Users\ahmet\.kivy\logs\kivy_26-10-02_4.txt
2026-10-02 00:13:34 | INFO     | kivy | Base: Leaving application in progress...
2026-10-02 00:13:39 | INFO     | kivy | deps: Successfully imported "kivy_deps.angle" 0.5.0
2026-10-02 00:13:39 | INFO     | kivy | deps: Successfully imported "kivy_deps.glew" 0.3.1
2026-10-02 00:13:39 | INFO     | kivy | deps: Successfully imported "kivy_deps.sdl2" 0.8.0
2026-10-02 00:13:39 | INFO     | kivy | Kivy: v2.3.1
2026-10-02 00:13:39 | INFO     | kivy | Kivy: Installed at "C:\Users\ahmet\AppData\Local\Programs\Python\Python312\Lib\site-packages\kivy\__init__.py"
2026-10-02 00:13:39 | INFO     | kivy | Python: v3.12.10 (tags/v3.12.10:0cc8128, Apr  8 2025, 12:21:36) [MSC v.1943 64 bit (AMD64)]
2026-10-02 00:13:39 | INFO     | kivy | Python: Interpreter at "C:\Users\ahmet\AppData\Local\Programs\Python\Python312\python.exe"
2026-10-02 00:13:40 | INFO     | kivy | Factory: 195 symbols loaded
2026-10-02 00:13:40 | INFO     | kivy | Image: Providers: img_tex, img_dds, img_sdl2, img_pil (img_ffpyplayer ignored)
2026-10-02 00:13:40 | INFO     | kivy | Text: Provider: sdl2
2026-10-02 00:13:40 | INFO     | kivy | Window: Provider: sdl2
2026-10-02 00:13:42 | INFO     | kivy | GL: Using the "OpenGL" graphics system
2026-10-02 00:13:42 | INFO     | kivy | GL: GLEW initialization succeeded
2026-10-02 00:13:42 | INFO     | kivy | GL: Backend used <glew>
2026-10-02 00:13:42 | INFO     | kivy | GL: OpenGL version <b'4.6.0 NVIDIA 581.80'>
2026-10-02 00:13:42 | INFO     | kivy | GL: OpenGL vendor <b'NVIDIA Corporation'>
2026-10-02 00:13:42 | INFO     | kivy | GL: OpenGL renderer <b'NVIDIA GeForce GTX 860M/PCIe/SSE2'>
2026-10-02 00:13:42 | INFO     | kivy | GL: OpenGL parsed version: 4, 6
2026-10-02 00:13:42 | INFO     | kivy | GL: Shading version <b'4.60 NVIDIA'>
2026-10-02 00:13:42 | INFO     | kivy | GL: Texture max size <16384>
2026-10-02 00:13:42 | INFO     | kivy | GL: Texture max units <32>
2026-10-02 00:13:42 | INFO     | kivy | Window: auto add sdl2 input provider
2026-10-02 00:13:42 | INFO     | kivy | Window: virtual keyboard not allowed, single mode, not docked
2026-10-02 00:13:42 | INFO     | kivy | GL: NPOT texture support is available
2026-10-02 00:13:42 | INFO     | kivy | Base: Start application main loop
2026-10-02 00:13:42 | INFO     | kivy | Logger: Record log in C:\Users\ahmet\.kivy\logs\kivy_26-10-02_5.txt
2026-10-02 00:14:01 | INFO     | kivy | Base: Leaving application in progress...
2026-10-02 00:28:47 | WARNING  | kivy | stderr: Exception ignored in tp_clear of: <class 'ctypes.c_void_p'>
2026-10-02 00:28:47 | WARNING  | kivy | stderr: Traceback (most recent call last):
2026-10-02 00:28:47 | WARNING  | kivy | stderr:   File "kivy\\core\\window\\_window_sdl2.pyx", line 28, in kivy.core.window._window_sdl2._event_filter
2026-10-02 00:28:47 | WARNING  | kivy | stderr:   File "kivy\\core\\window\\_window_sdl2.pyx", line 58, in kivy.core.window._window_sdl2._WindowSDL2Storage.cb_event_filter
2026-10-02 00:28:47 | WARNING  | kivy | stderr:   File "C:\Users\ahmet\AppData\Local\Programs\Python\Python312\Lib\site-packages\kivy\core\window\window_sdl2.py", line 280, in _event_filter
2026-10-02 00:28:47 | WARNING  | kivy | stderr:     EventLoop.idle()
2026-10-02 00:28:47 | WARNING  | kivy | stderr:   File "C:\Users\ahmet\AppData\Local\Programs\Python\Python312\Lib\site-packages\kivy\base.py", line 400, in idle
2026-10-02 00:28:47 | WARNING  | kivy | stderr:     window.dispatch('on_draw')
2026-10-02 00:28:47 | WARNING  | kivy | stderr:   File "kivy\\_event.pyx", line 731, in kivy._event.EventDispatcher.dispatch
2026-10-02 00:28:47 | WARNING  | kivy | stderr:   File "C:\Users\ahmet\AppData\Local\Programs\Python\Python312\Lib\site-packages\kivy\core\window\__init__.py", line 1676, in on_draw
2026-10-02 00:28:47 | WARNING  | kivy | stderr:     self.render_context.draw()
2026-10-02 00:28:47 | WARNING  | kivy | stderr:   File "kivy\\graphics\\instructions.pyx", line 640, in kivy.graphics.instructions.Canvas.draw
2026-10-02 00:28:47 | WARNING  | kivy | stderr:   File "kivy\\graphics\\instructions.pyx", line 643, in kivy.graphics.instructions.Canvas.draw
2026-10-02 00:28:47 | WARNING  | kivy | stderr:   File "kivy\\graphics\\instructions.pyx", line 917, in kivy.graphics.instructions.RenderContext.apply
2026-10-02 00:28:47 | WARNING  | kivy | stderr:   File "kivy\\graphics\\instructions.pyx", line 654, in kivy.graphics.instructions.Canvas.apply
2026-10-02 00:28:47 | WARNING  | kivy | stderr:   File "kivy\\graphics\\instructions.pyx", line 167, in kivy.graphics.instructions.InstructionGroup.apply
2026-10-02 00:28:47 | WARNING  | kivy | stderr:   File "kivy\\graphics\\instructions.pyx", line 181, in kivy.graphics.instructions.InstructionGroup.build
2026-10-02 00:28:47 | WARNING  | kivy | stderr:   File "kivy\\graphics\\compiler.pyx", line 143, in kivy.graphics.compiler.GraphicsCompiler.compile
2026-10-02 00:28:47 | WARNING  | kivy | stderr:   File "kivy\\graphics\\instructions.pyx", line 654, in kivy.graphics.instructions.Canvas.apply
2026-10-02 00:28:47 | WARNING  | kivy | stderr:   File "kivy\\graphics\\instructions.pyx", line 167, in kivy.graphics.instructions.InstructionGroup.apply
2026-10-02 00:28:47 | WARNING  | kivy | stderr:   File "kivy\\graphics\\instructions.pyx", line 181, in kivy.graphics.instructions.InstructionGroup.build
2026-10-02 00:28:47 | WARNING  | kivy | stderr:   File "kivy\\graphics\\compiler.pyx", line 143, in kivy.graphics.compiler.GraphicsCompiler.compile
2026-10-02 00:28:47 | WARNING  | kivy | stderr:   File "kivy\\graphics\\instructions.pyx", line 654, in kivy.graphics.instructions.Canvas.apply
2026-10-02 00:28:47 | WARNING  | kivy | stderr:   File "kivy\\graphics\\instructions.pyx", line 167, in kivy.graphics.instructions.InstructionGroup.apply
2026-10-02 00:28:47 | WARNING  | kivy | stderr:   File "kivy\\graphics\\instructions.pyx", line 181, in kivy.graphics.instructions.InstructionGroup.build
2026-10-02 00:28:47 | WARNING  | kivy | stderr:   File "kivy\\graphics\\compiler.pyx", line 143, in kivy.graphics.compiler.GraphicsCompiler.compile
2026-10-02 00:28:47 | WARNING  | kivy | stderr:   File "kivy\\graphics\\instructions.pyx", line 654, in kivy.graphics.instructions.Canvas.apply
2026-10-02 00:28:47 | WARNING  | kivy | stderr:   File "kivy\\graphics\\instructions.pyx", line 167, in kivy.graphics.instructions.InstructionGroup.apply
2026-10-02 00:28:47 | WARNING  | kivy | stderr:   File "kivy\\graphics\\instructions.pyx", line 181, in kivy.graphics.instructions.InstructionGroup.build
2026-10-02 00:28:47 | WARNING  | kivy | stderr:   File "kivy\\graphics\\compiler.pyx", line 143, in kivy.graphics.compiler.GraphicsCompiler.compile
2026-10-02 00:28:47 | WARNING  | kivy | stderr:   File "kivy\\graphics\\instructions.pyx", line 506, in kivy.graphics.instructions.Callback.apply
2026-10-02 00:28:47 | WARNING  | kivy | stderr:   File "d:\Program\cad4\core\gl_engine.py", line 373, in _draw_gl
2026-10-02 00:28:47 | WARNING  | kivy | stderr:     glViewport(0, 0, w, h)
2026-10-02 00:28:47 | WARNING  | kivy | stderr:   File "C:\Users\ahmet\AppData\Local\Programs\Python\Python312\Lib\site-packages\OpenGL\error.py", line 230, in glCheckError
2026-10-02 00:28:47 | WARNING  | kivy | stderr:     raise self._errorClass(
2026-10-02 00:28:47 | WARNING  | kivy | stderr: OpenGL.error.GLError: GLError(
2026-10-02 00:28:47 | WARNING  | kivy | stderr: 	err = 1282,
2026-10-02 00:28:47 | WARNING  | kivy | stderr: 	description = b'invalid operation',
2026-10-02 00:28:47 | WARNING  | kivy | stderr: 	baseOperation = glViewport,
2026-10-02 00:28:47 | WARNING  | kivy | stderr: 	cArguments = (0, 0, 1248, 580)
2026-10-02 00:28:47 | WARNING  | kivy | stderr: )
2026-10-02 00:28:47 | WARNING  | kivy | stderr: Traceback (most recent call last):
2026-10-02 00:28:47 | WARNING  | kivy | stderr:   File "d:\Program\cad4\main.py", line 314, in <module>
2026-10-02 00:28:47 | WARNING  | kivy | stderr:     CADApp().run()
2026-10-02 00:28:47 | WARNING  | kivy | stderr:   File "C:\Users\ahmet\AppData\Local\Programs\Python\Python312\Lib\site-packages\kivy\app.py", line 956, in run
2026-10-02 00:28:47 | WARNING  | kivy | stderr:     runTouchApp()
2026-10-02 00:28:47 | WARNING  | kivy | stderr:   File "C:\Users\ahmet\AppData\Local\Programs\Python\Python312\Lib\site-packages\kivy\base.py", line 574, in runTouchApp
2026-10-02 00:28:47 | WARNING  | kivy | stderr:     EventLoop.mainloop()
2026-10-02 00:28:47 | WARNING  | kivy | stderr:   File "C:\Users\ahmet\AppData\Local\Programs\Python\Python312\Lib\site-packages\kivy\base.py", line 339, in mainloop
2026-10-02 00:28:47 | WARNING  | kivy | stderr:     self.idle()
2026-10-02 00:28:47 | WARNING  | kivy | stderr:   File "C:\Users\ahmet\AppData\Local\Programs\Python\Python312\Lib\site-packages\kivy\base.py", line 400, in idle
2026-10-02 00:28:47 | WARNING  | kivy | stderr:     window.dispatch('on_draw')
2026-10-02 00:28:47 | WARNING  | kivy | stderr:   File "kivy\\_event.pyx", line 731, in kivy._event.EventDispatcher.dispatch
2026-10-02 00:28:47 | WARNING  | kivy | stderr:   File "C:\Users\ahmet\AppData\Local\Programs\Python\Python312\Lib\site-packages\kivy\core\window\__init__.py", line 1676, in on_draw
2026-10-02 00:28:47 | WARNING  | kivy | stderr:     self.render_context.draw()
2026-10-02 00:28:47 | WARNING  | kivy | stderr:   File "kivy\\graphics\\instructions.pyx", line 640, in kivy.graphics.instructions.Canvas.draw
2026-10-02 00:28:47 | WARNING  | kivy | stderr:   File "kivy\\graphics\\instructions.pyx", line 643, in kivy.graphics.instructions.Canvas.draw
2026-10-02 00:28:47 | WARNING  | kivy | stderr:   File "kivy\\graphics\\instructions.pyx", line 917, in kivy.graphics.instructions.RenderContext.apply
2026-10-02 00:28:47 | WARNING  | kivy | stderr:   File "kivy\\graphics\\instructions.pyx", line 654, in kivy.graphics.instructions.Canvas.apply
2026-10-02 00:28:47 | WARNING  | kivy | stderr:   File "kivy\\graphics\\instructions.pyx", line 167, in kivy.graphics.instructions.InstructionGroup.apply
2026-10-02 00:28:47 | WARNING  | kivy | stderr:   File "kivy\\graphics\\instructions.pyx", line 181, in kivy.graphics.instructions.InstructionGroup.build
2026-10-02 00:28:47 | WARNING  | kivy | stderr:   File "kivy\\graphics\\compiler.pyx", line 143, in kivy.graphics.compiler.GraphicsCompiler.compile
2026-10-02 00:28:47 | WARNING  | kivy | stderr:   File "kivy\\graphics\\instructions.pyx", line 654, in kivy.graphics.instructions.Canvas.apply
2026-10-02 00:28:47 | WARNING  | kivy | stderr:   File "kivy\\graphics\\instructions.pyx", line 167, in kivy.graphics.instructions.InstructionGroup.apply
2026-10-02 00:28:47 | WARNING  | kivy | stderr:   File "kivy\\graphics\\instructions.pyx", line 181, in kivy.graphics.instructions.InstructionGroup.build
2026-10-02 00:28:47 | WARNING  | kivy | stderr:   File "kivy\\graphics\\compiler.pyx", line 143, in kivy.graphics.compiler.GraphicsCompiler.compile
2026-10-02 00:28:47 | WARNING  | kivy | stderr:   File "kivy\\graphics\\instructions.pyx", line 654, in kivy.graphics.instructions.Canvas.apply
2026-10-02 00:28:47 | WARNING  | kivy | stderr:   File "kivy\\graphics\\instructions.pyx", line 167, in kivy.graphics.instructions.InstructionGroup.apply
2026-10-02 00:28:47 | WARNING  | kivy | stderr:   File "kivy\\graphics\\instructions.pyx", line 181, in kivy.graphics.instructions.InstructionGroup.build
2026-10-02 00:28:47 | WARNING  | kivy | stderr:   File "kivy\\graphics\\compiler.pyx", line 143, in kivy.graphics.compiler.GraphicsCompiler.compile
2026-10-02 00:28:47 | WARNING  | kivy | stderr:   File "kivy\\graphics\\instructions.pyx", line 654, in kivy.graphics.instructions.Canvas.apply
2026-10-02 00:28:47 | WARNING  | kivy | stderr:   File "kivy\\graphics\\instructions.pyx", line 167, in kivy.graphics.instructions.InstructionGroup.apply
2026-10-02 00:28:47 | WARNING  | kivy | stderr:   File "kivy\\graphics\\instructions.pyx", line 181, in kivy.graphics.instructions.InstructionGroup.build
2026-10-02 00:28:47 | WARNING  | kivy | stderr:   File "kivy\\graphics\\compiler.pyx", line 143, in kivy.graphics.compiler.GraphicsCompiler.compile
2026-10-02 00:28:47 | WARNING  | kivy | stderr:   File "kivy\\graphics\\instructions.pyx", line 506, in kivy.graphics.instructions.Callback.apply
2026-10-02 00:28:47 | WARNING  | kivy | stderr:   File "d:\Program\cad4\core\gl_engine.py", line 373, in _draw_gl
2026-10-02 00:28:47 | WARNING  | kivy | stderr:     glViewport(0, 0, w, h)
2026-10-02 00:28:47 | WARNING  | kivy | stderr:   File "C:\Users\ahmet\AppData\Local\Programs\Python\Python312\Lib\site-packages\OpenGL\error.py", line 230, in glCheckError
2026-10-02 00:28:47 | WARNING  | kivy | stderr:     raise self._errorClass(
2026-10-02 00:28:47 | WARNING  | kivy | stderr: OpenGL.error.GLError: GLError(
2026-10-02 00:28:47 | WARNING  | kivy | stderr: 	err = 1282,
2026-10-02 00:28:47 | WARNING  | kivy | stderr: 	description = b'invalid operation',
2026-10-02 00:28:47 | WARNING  | kivy | stderr: 	baseOperation = glViewport,
2026-10-02 00:28:47 | WARNING  | kivy | stderr: 	cArguments = (0, 0, 1248, 580)
2026-10-02 00:28:47 | WARNING  | kivy | stderr: )
2026-10-02 00:30:26 | WARNING  | kivy | stderr: Traceback (most recent call last):
2026-10-02 00:30:26 | WARNING  | kivy | stderr:   File "d:\Program\cad4\main.py", line 314, in <module>
2026-10-02 00:30:26 | WARNING  | kivy | stderr:     CADApp().run()
2026-10-02 00:30:26 | WARNING  | kivy | stderr:   File "C:\Users\ahmet\AppData\Local\Programs\Python\Python312\Lib\site-packages\kivy\app.py", line 956, in run
2026-10-02 00:30:26 | WARNING  | kivy | stderr:     runTouchApp()
2026-10-02 00:30:26 | WARNING  | kivy | stderr:   File "C:\Users\ahmet\AppData\Local\Programs\Python\Python312\Lib\site-packages\kivy\base.py", line 574, in runTouchApp
2026-10-02 00:30:26 | WARNING  | kivy | stderr:     EventLoop.mainloop()
2026-10-02 00:30:26 | WARNING  | kivy | stderr:   File "C:\Users\ahmet\AppData\Local\Programs\Python\Python312\Lib\site-packages\kivy\base.py", line 339, in mainloop
2026-10-02 00:30:26 | WARNING  | kivy | stderr:     self.idle()
2026-10-02 00:30:26 | WARNING  | kivy | stderr:   File "C:\Users\ahmet\AppData\Local\Programs\Python\Python312\Lib\site-packages\kivy\base.py", line 400, in idle
2026-10-02 00:30:26 | WARNING  | kivy | stderr:     window.dispatch('on_draw')
2026-10-02 00:30:26 | WARNING  | kivy | stderr:   File "kivy\\_event.pyx", line 731, in kivy._event.EventDispatcher.dispatch
2026-10-02 00:30:26 | WARNING  | kivy | stderr:   File "C:\Users\ahmet\AppData\Local\Programs\Python\Python312\Lib\site-packages\kivy\core\window\__init__.py", line 1676, in on_draw
2026-10-02 00:30:26 | WARNING  | kivy | stderr:     self.render_context.draw()
2026-10-02 00:30:26 | WARNING  | kivy | stderr:   File "kivy\\graphics\\instructions.pyx", line 640, in kivy.graphics.instructions.Canvas.draw
2026-10-02 00:30:26 | WARNING  | kivy | stderr:   File "kivy\\graphics\\instructions.pyx", line 643, in kivy.graphics.instructions.Canvas.draw
2026-10-02 00:30:26 | WARNING  | kivy | stderr:   File "kivy\\graphics\\instructions.pyx", line 917, in kivy.graphics.instructions.RenderContext.apply
2026-10-02 00:30:26 | WARNING  | kivy | stderr:   File "kivy\\graphics\\instructions.pyx", line 654, in kivy.graphics.instructions.Canvas.apply
2026-10-02 00:30:26 | WARNING  | kivy | stderr:   File "kivy\\graphics\\instructions.pyx", line 167, in kivy.graphics.instructions.InstructionGroup.apply
2026-10-02 00:30:26 | WARNING  | kivy | stderr:   File "kivy\\graphics\\instructions.pyx", line 181, in kivy.graphics.instructions.InstructionGroup.build
2026-10-02 00:30:26 | WARNING  | kivy | stderr:   File "kivy\\graphics\\compiler.pyx", line 143, in kivy.graphics.compiler.GraphicsCompiler.compile
2026-10-02 00:30:26 | WARNING  | kivy | stderr:   File "kivy\\graphics\\instructions.pyx", line 654, in kivy.graphics.instructions.Canvas.apply
2026-10-02 00:30:26 | WARNING  | kivy | stderr:   File "kivy\\graphics\\instructions.pyx", line 167, in kivy.graphics.instructions.InstructionGroup.apply
2026-10-02 00:30:26 | WARNING  | kivy | stderr:   File "kivy\\graphics\\instructions.pyx", line 181, in kivy.graphics.instructions.InstructionGroup.build
2026-10-02 00:30:26 | WARNING  | kivy | stderr:   File "kivy\\graphics\\compiler.pyx", line 143, in kivy.graphics.compiler.GraphicsCompiler.compile
2026-10-02 00:30:26 | WARNING  | kivy | stderr:   File "kivy\\graphics\\instructions.pyx", line 654, in kivy.graphics.instructions.Canvas.apply
2026-10-02 00:30:26 | WARNING  | kivy | stderr:   File "kivy\\graphics\\instructions.pyx", line 167, in kivy.graphics.instructions.InstructionGroup.apply
2026-10-02 00:30:26 | WARNING  | kivy | stderr:   File "kivy\\graphics\\instructions.pyx", line 181, in kivy.graphics.instructions.InstructionGroup.build
2026-10-02 00:30:26 | WARNING  | kivy | stderr:   File "kivy\\graphics\\compiler.pyx", line 143, in kivy.graphics.compiler.GraphicsCompiler.compile
2026-10-02 00:30:26 | WARNING  | kivy | stderr:   File "kivy\\graphics\\instructions.pyx", line 654, in kivy.graphics.instructions.Canvas.apply
2026-10-02 00:30:26 | WARNING  | kivy | stderr:   File "kivy\\graphics\\instructions.pyx", line 167, in kivy.graphics.instructions.InstructionGroup.apply
2026-10-02 00:30:26 | WARNING  | kivy | stderr:   File "kivy\\graphics\\instructions.pyx", line 181, in kivy.graphics.instructions.InstructionGroup.build
2026-10-02 00:30:26 | WARNING  | kivy | stderr:   File "kivy\\graphics\\compiler.pyx", line 143, in kivy.graphics.compiler.GraphicsCompiler.compile
2026-10-02 00:30:26 | WARNING  | kivy | stderr:   File "kivy\\graphics\\instructions.pyx", line 506, in kivy.graphics.instructions.Callback.apply
2026-10-02 00:30:26 | WARNING  | kivy | stderr:   File "d:\Program\cad4\core\gl_engine.py", line 373, in _draw_gl
2026-10-02 00:30:26 | WARNING  | kivy | stderr:     from kivy.graphics import get_current_context
2026-10-02 00:30:26 | WARNING  | kivy | stderr: ImportError: cannot import name 'get_current_context' from 'kivy.graphics' (C:\Users\ahmet\AppData\Local\Programs\Python\Python312\Lib\site-packages\kivy\graphics\__init__.py)
2026-10-02 00:34:05 | WARNING  | kivy | stderr: Exception ignored on calling ctypes callback function: <bound method WM_PenProvider._pen_wndProc of <kivy.input.providers.wm_pen.WM_PenProvider object at 0x0000015B242DD400>>
2026-10-02 00:34:05 | WARNING  | kivy | stderr: Traceback (most recent call last):
2026-10-02 00:34:05 | WARNING  | kivy | stderr:   File "C:\Users\ahmet\AppData\Local\Programs\Python\Python312\Lib\site-packages\kivy\input\providers\wm_pen.py", line 78, in _pen_wndProc
2026-10-02 00:34:05 | WARNING  | kivy | stderr:     if self._is_pen_message(msg):
2026-10-02 00:34:05 | WARNING  | kivy | stderr:        ^^^^^^^^^^^^^^^^^^^^^^^^^
2026-10-02 00:34:05 | WARNING  | kivy | stderr:   File "C:\Users\ahmet\AppData\Local\Programs\Python\Python312\Lib\site-packages\kivy\input\providers\wm_pen.py", line 49, in _is_pen_message
2026-10-02 00:34:05 | WARNING  | kivy | stderr:     info = windll.user32.GetMessageExtraInfo()
2026-10-02 00:34:05 | WARNING  | kivy | stderr:            ^^^^^^^^^^^^^^^^^^^^^^^^^^^^^^^^^^^
2026-10-02 00:34:05 | WARNING  | kivy | stderr: SystemError: <_FuncPtr object at 0x0000015B0AE92D00> returned a result with an exception set
2026-10-02 00:34:05 | WARNING  | kivy | stderr: Traceback (most recent call last):
2026-10-02 00:34:05 | WARNING  | kivy | stderr:   File "d:\Program\cad4\main.py", line 314, in <module>
2026-10-02 00:34:05 | WARNING  | kivy | stderr:     CADApp().run()
2026-10-02 00:34:05 | WARNING  | kivy | stderr:   File "C:\Users\ahmet\AppData\Local\Programs\Python\Python312\Lib\site-packages\kivy\app.py", line 956, in run
2026-10-02 00:34:05 | WARNING  | kivy | stderr:     runTouchApp()
2026-10-02 00:34:05 | WARNING  | kivy | stderr:   File "C:\Users\ahmet\AppData\Local\Programs\Python\Python312\Lib\site-packages\kivy\base.py", line 574, in runTouchApp
2026-10-02 00:34:05 | WARNING  | kivy | stderr:     EventLoop.mainloop()
2026-10-02 00:34:05 | WARNING  | kivy | stderr:   File "C:\Users\ahmet\AppData\Local\Programs\Python\Python312\Lib\site-packages\kivy\base.py", line 339, in mainloop
2026-10-02 00:34:05 | WARNING  | kivy | stderr:     self.idle()
2026-10-02 00:34:05 | WARNING  | kivy | stderr:   File "C:\Users\ahmet\AppData\Local\Programs\Python\Python312\Lib\site-packages\kivy\base.py", line 400, in idle
2026-10-02 00:34:05 | WARNING  | kivy | stderr:     window.dispatch('on_draw')
2026-10-02 00:34:05 | WARNING  | kivy | stderr:   File "kivy\\_event.pyx", line 731, in kivy._event.EventDispatcher.dispatch
2026-10-02 00:34:05 | WARNING  | kivy | stderr:   File "C:\Users\ahmet\AppData\Local\Programs\Python\Python312\Lib\site-packages\kivy\core\window\__init__.py", line 1676, in on_draw
2026-10-02 00:34:05 | WARNING  | kivy | stderr:     self.render_context.draw()
2026-10-02 00:34:05 | WARNING  | kivy | stderr:   File "kivy\\graphics\\instructions.pyx", line 640, in kivy.graphics.instructions.Canvas.draw
2026-10-02 00:34:05 | WARNING  | kivy | stderr:   File "kivy\\graphics\\instructions.pyx", line 643, in kivy.graphics.instructions.Canvas.draw
2026-10-02 00:34:05 | WARNING  | kivy | stderr:   File "kivy\\graphics\\instructions.pyx", line 917, in kivy.graphics.instructions.RenderContext.apply
2026-10-02 00:34:05 | WARNING  | kivy | stderr:   File "kivy\\graphics\\instructions.pyx", line 654, in kivy.graphics.instructions.Canvas.apply
2026-10-02 00:34:05 | WARNING  | kivy | stderr:   File "kivy\\graphics\\instructions.pyx", line 167, in kivy.graphics.instructions.InstructionGroup.apply
2026-10-02 00:34:05 | WARNING  | kivy | stderr:   File "kivy\\graphics\\instructions.pyx", line 181, in kivy.graphics.instructions.InstructionGroup.build
2026-10-02 00:34:05 | WARNING  | kivy | stderr:   File "kivy\\graphics\\compiler.pyx", line 143, in kivy.graphics.compiler.GraphicsCompiler.compile
2026-10-02 00:34:05 | WARNING  | kivy | stderr:   File "kivy\\graphics\\instructions.pyx", line 654, in kivy.graphics.instructions.Canvas.apply
2026-10-02 00:34:05 | WARNING  | kivy | stderr:   File "kivy\\graphics\\instructions.pyx", line 167, in kivy.graphics.instructions.InstructionGroup.apply
2026-10-02 00:34:05 | WARNING  | kivy | stderr:   File "kivy\\graphics\\instructions.pyx", line 181, in kivy.graphics.instructions.InstructionGroup.build
2026-10-02 00:34:05 | WARNING  | kivy | stderr:   File "kivy\\graphics\\compiler.pyx", line 143, in kivy.graphics.compiler.GraphicsCompiler.compile
2026-10-02 00:34:05 | WARNING  | kivy | stderr:   File "kivy\\graphics\\instructions.pyx", line 654, in kivy.graphics.instructions.Canvas.apply
2026-10-02 00:34:05 | WARNING  | kivy | stderr:   File "kivy\\graphics\\instructions.pyx", line 167, in kivy.graphics.instructions.InstructionGroup.apply
2026-10-02 00:34:05 | WARNING  | kivy | stderr:   File "kivy\\graphics\\instructions.pyx", line 181, in kivy.graphics.instructions.InstructionGroup.build
2026-10-02 00:34:05 | WARNING  | kivy | stderr:   File "kivy\\graphics\\compiler.pyx", line 143, in kivy.graphics.compiler.GraphicsCompiler.compile
2026-10-02 00:34:05 | WARNING  | kivy | stderr:   File "kivy\\graphics\\instructions.pyx", line 654, in kivy.graphics.instructions.Canvas.apply
2026-10-02 00:34:05 | WARNING  | kivy | stderr:   File "kivy\\graphics\\instructions.pyx", line 167, in kivy.graphics.instructions.InstructionGroup.apply
2026-10-02 00:34:05 | WARNING  | kivy | stderr:   File "kivy\\graphics\\instructions.pyx", line 181, in kivy.graphics.instructions.InstructionGroup.build
2026-10-02 00:34:05 | WARNING  | kivy | stderr:   File "kivy\\graphics\\compiler.pyx", line 143, in kivy.graphics.compiler.GraphicsCompiler.compile
2026-10-02 00:34:05 | WARNING  | kivy | stderr:   File "kivy\\graphics\\instructions.pyx", line 506, in kivy.graphics.instructions.Callback.apply
2026-10-02 00:34:05 | WARNING  | kivy | stderr:   File "d:\Program\cad4\core\gl_engine.py", line 373, in _draw_gl
2026-10-02 00:34:05 | WARNING  | kivy | stderr:     glGetString(GL_VERSION)
2026-10-02 00:34:05 | WARNING  | kivy | stderr:   File "C:\Users\ahmet\AppData\Local\Programs\Python\Python312\Lib\site-packages\OpenGL\error.py", line 230, in glCheckError
2026-10-02 00:34:05 | WARNING  | kivy | stderr:     raise self._errorClass(
2026-10-02 00:34:05 | WARNING  | kivy | stderr: OpenGL.error.GLError: GLError(
2026-10-02 00:34:05 | WARNING  | kivy | stderr: 	err = 1282,
2026-10-02 00:34:05 | WARNING  | kivy | stderr: 	description = b'invalid operation',
2026-10-02 00:34:05 | WARNING  | kivy | stderr: 	baseOperation = glGetString,
2026-10-02 00:34:05 | WARNING  | kivy | stderr: 	cArguments = (GL_VERSION,),
2026-10-02 00:34:05 | WARNING  | kivy | stderr: 	result = b'4.6.0 NVIDIA 581.80'
2026-10-02 00:34:05 | WARNING  | kivy | stderr: )
2026-10-02 00:35:22 | WARNING  | kivy | stderr: Exception ignored on calling ctypes callback function: <bound method WM_PenProvider._pen_wndProc of <kivy.input.providers.wm_pen.WM_PenProvider object at 0x0000026AFF3156D0>>
2026-10-02 00:35:22 | WARNING  | kivy | stderr: Traceback (most recent call last):
2026-10-02 00:35:22 | WARNING  | kivy | stderr:   File "C:\Users\ahmet\AppData\Local\Programs\Python\Python312\Lib\site-packages\kivy\input\providers\wm_pen.py", line 78, in _pen_wndProc
2026-10-02 00:35:22 | WARNING  | kivy | stderr:     if self._is_pen_message(msg):
2026-10-02 00:35:22 | WARNING  | kivy | stderr:        ^^^^^^^^^^^^^^^^^^^^^^^^^
2026-10-02 00:35:22 | WARNING  | kivy | stderr:   File "C:\Users\ahmet\AppData\Local\Programs\Python\Python312\Lib\site-packages\kivy\input\providers\wm_pen.py", line 49, in _is_pen_message
2026-10-02 00:35:22 | WARNING  | kivy | stderr:     info = windll.user32.GetMessageExtraInfo()
2026-10-02 00:35:22 | WARNING  | kivy | stderr:            ^^^^^^^^^^^^^^^^^^^^^^^^^^^^^^^^^^^
2026-10-02 00:35:22 | WARNING  | kivy | stderr: SystemError: <_FuncPtr object at 0x0000026AE5EB2D00> returned a result with an exception set
2026-10-02 00:35:22 | WARNING  | kivy | stderr: Traceback (most recent call last):
2026-10-02 00:35:22 | WARNING  | kivy | stderr:   File "d:\Program\cad4\main.py", line 314, in <module>
2026-10-02 00:35:23 | WARNING  | kivy | stderr:     CADApp().run()
2026-10-02 00:35:23 | WARNING  | kivy | stderr:   File "C:\Users\ahmet\AppData\Local\Programs\Python\Python312\Lib\site-packages\kivy\app.py", line 956, in run
2026-10-02 00:35:23 | WARNING  | kivy | stderr:     runTouchApp()
2026-10-02 00:35:23 | WARNING  | kivy | stderr:   File "C:\Users\ahmet\AppData\Local\Programs\Python\Python312\Lib\site-packages\kivy\base.py", line 574, in runTouchApp
2026-10-02 00:35:23 | WARNING  | kivy | stderr:     EventLoop.mainloop()
2026-10-02 00:35:23 | WARNING  | kivy | stderr:   File "C:\Users\ahmet\AppData\Local\Programs\Python\Python312\Lib\site-packages\kivy\base.py", line 339, in mainloop
2026-10-02 00:35:23 | WARNING  | kivy | stderr:     self.idle()
2026-10-02 00:35:23 | WARNING  | kivy | stderr:   File "C:\Users\ahmet\AppData\Local\Programs\Python\Python312\Lib\site-packages\kivy\base.py", line 400, in idle
2026-10-02 00:35:23 | WARNING  | kivy | stderr:     window.dispatch('on_draw')
2026-10-02 00:35:23 | WARNING  | kivy | stderr:   File "kivy\\_event.pyx", line 731, in kivy._event.EventDispatcher.dispatch
2026-10-02 00:35:23 | WARNING  | kivy | stderr:   File "C:\Users\ahmet\AppData\Local\Programs\Python\Python312\Lib\site-packages\kivy\core\window\__init__.py", line 1676, in on_draw
2026-10-02 00:35:23 | WARNING  | kivy | stderr:     self.render_context.draw()
2026-10-02 00:35:23 | WARNING  | kivy | stderr:   File "kivy\\graphics\\instructions.pyx", line 640, in kivy.graphics.instructions.Canvas.draw
2026-10-02 00:35:23 | WARNING  | kivy | stderr:   File "kivy\\graphics\\instructions.pyx", line 643, in kivy.graphics.instructions.Canvas.draw
2026-10-02 00:35:23 | WARNING  | kivy | stderr:   File "kivy\\graphics\\instructions.pyx", line 917, in kivy.graphics.instructions.RenderContext.apply
2026-10-02 00:35:23 | WARNING  | kivy | stderr:   File "kivy\\graphics\\instructions.pyx", line 654, in kivy.graphics.instructions.Canvas.apply
2026-10-02 00:35:23 | WARNING  | kivy | stderr:   File "kivy\\graphics\\instructions.pyx", line 167, in kivy.graphics.instructions.InstructionGroup.apply
2026-10-02 00:35:23 | WARNING  | kivy | stderr:   File "kivy\\graphics\\instructions.pyx", line 181, in kivy.graphics.instructions.InstructionGroup.build
2026-10-02 00:35:23 | WARNING  | kivy | stderr:   File "kivy\\graphics\\compiler.pyx", line 143, in kivy.graphics.compiler.GraphicsCompiler.compile
2026-10-02 00:35:23 | WARNING  | kivy | stderr:   File "kivy\\graphics\\instructions.pyx", line 654, in kivy.graphics.instructions.Canvas.apply
2026-10-02 00:35:23 | WARNING  | kivy | stderr:   File "kivy\\graphics\\instructions.pyx", line 167, in kivy.graphics.instructions.InstructionGroup.apply
2026-10-02 00:35:23 | WARNING  | kivy | stderr:   File "kivy\\graphics\\instructions.pyx", line 181, in kivy.graphics.instructions.InstructionGroup.build
2026-10-02 00:35:23 | WARNING  | kivy | stderr:   File "kivy\\graphics\\compiler.pyx", line 143, in kivy.graphics.compiler.GraphicsCompiler.compile
2026-10-02 00:35:23 | WARNING  | kivy | stderr:   File "kivy\\graphics\\instructions.pyx", line 654, in kivy.graphics.instructions.Canvas.apply
2026-10-02 00:35:23 | WARNING  | kivy | stderr:   File "kivy\\graphics\\instructions.pyx", line 167, in kivy.graphics.instructions.InstructionGroup.apply
2026-10-02 00:35:23 | WARNING  | kivy | stderr:   File "kivy\\graphics\\instructions.pyx", line 181, in kivy.graphics.instructions.InstructionGroup.build
2026-10-02 00:35:23 | WARNING  | kivy | stderr:   File "kivy\\graphics\\compiler.pyx", line 143, in kivy.graphics.compiler.GraphicsCompiler.compile
2026-10-02 00:35:23 | WARNING  | kivy | stderr:   File "kivy\\graphics\\instructions.pyx", line 654, in kivy.graphics.instructions.Canvas.apply
2026-10-02 00:35:23 | WARNING  | kivy | stderr:   File "kivy\\graphics\\instructions.pyx", line 167, in kivy.graphics.instructions.InstructionGroup.apply
2026-10-02 00:35:23 | WARNING  | kivy | stderr:   File "kivy\\graphics\\instructions.pyx", line 181, in kivy.graphics.instructions.InstructionGroup.build
2026-10-02 00:35:23 | WARNING  | kivy | stderr:   File "kivy\\graphics\\compiler.pyx", line 143, in kivy.graphics.compiler.GraphicsCompiler.compile
2026-10-02 00:35:23 | WARNING  | kivy | stderr:   File "kivy\\graphics\\instructions.pyx", line 506, in kivy.graphics.instructions.Callback.apply
2026-10-02 00:35:23 | WARNING  | kivy | stderr:   File "d:\Program\cad4\core\gl_engine.py", line 375, in _draw_gl
2026-10-02 00:35:23 | WARNING  | kivy | stderr:     logger.info("GL_VERSION: %s", glGetString(GL_VERSION))
2026-10-02 00:35:23 | WARNING  | kivy | stderr:                                   ^^^^^^^^^^^^^^^^^^^^^^^
2026-10-02 00:35:23 | WARNING  | kivy | stderr:   File "C:\Users\ahmet\AppData\Local\Programs\Python\Python312\Lib\site-packages\OpenGL\error.py", line 230, in glCheckError
2026-10-02 00:35:23 | WARNING  | kivy | stderr:     raise self._errorClass(
2026-10-02 00:35:23 | WARNING  | kivy | stderr: OpenGL.error.GLError: GLError(
2026-10-02 00:35:23 | WARNING  | kivy | stderr: 	err = 1282,
2026-10-02 00:35:23 | WARNING  | kivy | stderr: 	description = b'invalid operation',
2026-10-02 00:35:23 | WARNING  | kivy | stderr: 	baseOperation = glGetString,
2026-10-02 00:35:23 | WARNING  | kivy | stderr: 	cArguments = (GL_VERSION,),
2026-10-02 00:35:23 | WARNING  | kivy | stderr: 	result = b'4.6.0 NVIDIA 581.80'
2026-10-02 00:35:23 | WARNING  | kivy | stderr: )
2026-10-02 00:38:26 | WARNING  | kivy | stderr: Exception ignored on calling ctypes callback function: <bound method WM_PenProvider._pen_wndProc of <kivy.input.providers.wm_pen.WM_PenProvider object at 0x00000241C8B35BB0>>
2026-10-02 00:38:26 | WARNING  | kivy | stderr: Traceback (most recent call last):
2026-10-02 00:38:26 | WARNING  | kivy | stderr:   File "C:\Users\ahmet\AppData\Local\Programs\Python\Python312\Lib\site-packages\kivy\input\providers\wm_pen.py", line 78, in _pen_wndProc
2026-10-02 00:38:26 | WARNING  | kivy | stderr:     if self._is_pen_message(msg):
2026-10-02 00:38:26 | WARNING  | kivy | stderr:        ^^^^^^^^^^^^^^^^^^^^^^^^^
2026-10-02 00:38:26 | WARNING  | kivy | stderr:   File "C:\Users\ahmet\AppData\Local\Programs\Python\Python312\Lib\site-packages\kivy\input\providers\wm_pen.py", line 49, in _is_pen_message
2026-10-02 00:38:26 | WARNING  | kivy | stderr:     info = windll.user32.GetMessageExtraInfo()
2026-10-02 00:38:26 | WARNING  | kivy | stderr:            ^^^^^^^^^^^^^^^^^^^^^^^^^^^^^^^^^^^
2026-10-02 00:38:26 | WARNING  | kivy | stderr: SystemError: <_FuncPtr object at 0x00000241AF6F2D00> returned a result with an exception set
2026-10-02 00:38:26 | WARNING  | kivy | stderr: Traceback (most recent call last):
2026-10-02 00:38:26 | WARNING  | kivy | stderr:   File "d:\Program\cad4\main.py", line 314, in <module>
2026-10-02 00:38:26 | WARNING  | kivy | stderr:     CADApp().run()
2026-10-02 00:38:26 | WARNING  | kivy | stderr:   File "C:\Users\ahmet\AppData\Local\Programs\Python\Python312\Lib\site-packages\kivy\app.py", line 956, in run
2026-10-02 00:38:26 | WARNING  | kivy | stderr:     runTouchApp()
2026-10-02 00:38:26 | WARNING  | kivy | stderr:   File "C:\Users\ahmet\AppData\Local\Programs\Python\Python312\Lib\site-packages\kivy\base.py", line 574, in runTouchApp
2026-10-02 00:38:26 | WARNING  | kivy | stderr:     EventLoop.mainloop()
2026-10-02 00:38:26 | WARNING  | kivy | stderr:   File "C:\Users\ahmet\AppData\Local\Programs\Python\Python312\Lib\site-packages\kivy\base.py", line 339, in mainloop
2026-10-02 00:38:26 | WARNING  | kivy | stderr:     self.idle()
2026-10-02 00:38:26 | WARNING  | kivy | stderr:   File "C:\Users\ahmet\AppData\Local\Programs\Python\Python312\Lib\site-packages\kivy\base.py", line 400, in idle
2026-10-02 00:38:26 | WARNING  | kivy | stderr:     window.dispatch('on_draw')
2026-10-02 00:38:26 | WARNING  | kivy | stderr:   File "kivy\\_event.pyx", line 731, in kivy._event.EventDispatcher.dispatch
2026-10-02 00:38:26 | WARNING  | kivy | stderr:   File "C:\Users\ahmet\AppData\Local\Programs\Python\Python312\Lib\site-packages\kivy\core\window\__init__.py", line 1676, in on_draw
2026-10-02 00:38:26 | WARNING  | kivy | stderr:     self.render_context.draw()
2026-10-02 00:38:26 | WARNING  | kivy | stderr:   File "kivy\\graphics\\instructions.pyx", line 640, in kivy.graphics.instructions.Canvas.draw
2026-10-02 00:38:26 | WARNING  | kivy | stderr:   File "kivy\\graphics\\instructions.pyx", line 643, in kivy.graphics.instructions.Canvas.draw
2026-10-02 00:38:26 | WARNING  | kivy | stderr:   File "kivy\\graphics\\instructions.pyx", line 917, in kivy.graphics.instructions.RenderContext.apply
2026-10-02 00:38:26 | WARNING  | kivy | stderr:   File "kivy\\graphics\\instructions.pyx", line 654, in kivy.graphics.instructions.Canvas.apply
2026-10-02 00:38:26 | WARNING  | kivy | stderr:   File "kivy\\graphics\\instructions.pyx", line 167, in kivy.graphics.instructions.InstructionGroup.apply
2026-10-02 00:38:26 | WARNING  | kivy | stderr:   File "kivy\\graphics\\instructions.pyx", line 181, in kivy.graphics.instructions.InstructionGroup.build
2026-10-02 00:38:26 | WARNING  | kivy | stderr:   File "kivy\\graphics\\compiler.pyx", line 143, in kivy.graphics.compiler.GraphicsCompiler.compile
2026-10-02 00:38:26 | WARNING  | kivy | stderr:   File "kivy\\graphics\\instructions.pyx", line 654, in kivy.graphics.instructions.Canvas.apply
2026-10-02 00:38:26 | WARNING  | kivy | stderr:   File "kivy\\graphics\\instructions.pyx", line 167, in kivy.graphics.instructions.InstructionGroup.apply
2026-10-02 00:38:26 | WARNING  | kivy | stderr:   File "kivy\\graphics\\instructions.pyx", line 181, in kivy.graphics.instructions.InstructionGroup.build
2026-10-02 00:38:26 | WARNING  | kivy | stderr:   File "kivy\\graphics\\compiler.pyx", line 143, in kivy.graphics.compiler.GraphicsCompiler.compile
2026-10-02 00:38:26 | WARNING  | kivy | stderr:   File "kivy\\graphics\\instructions.pyx", line 654, in kivy.graphics.instructions.Canvas.apply
2026-10-02 00:38:26 | WARNING  | kivy | stderr:   File "kivy\\graphics\\instructions.pyx", line 167, in kivy.graphics.instructions.InstructionGroup.apply
2026-10-02 00:38:26 | WARNING  | kivy | stderr:   File "kivy\\graphics\\instructions.pyx", line 181, in kivy.graphics.instructions.InstructionGroup.build
2026-10-02 00:38:26 | WARNING  | kivy | stderr:   File "kivy\\graphics\\compiler.pyx", line 143, in kivy.graphics.compiler.GraphicsCompiler.compile
2026-10-02 00:38:26 | WARNING  | kivy | stderr:   File "kivy\\graphics\\instructions.pyx", line 654, in kivy.graphics.instructions.Canvas.apply
2026-10-02 00:38:26 | WARNING  | kivy | stderr:   File "kivy\\graphics\\instructions.pyx", line 167, in kivy.graphics.instructions.InstructionGroup.apply
2026-10-02 00:38:26 | WARNING  | kivy | stderr:   File "kivy\\graphics\\instructions.pyx", line 181, in kivy.graphics.instructions.InstructionGroup.build
2026-10-02 00:38:26 | WARNING  | kivy | stderr:   File "kivy\\graphics\\compiler.pyx", line 143, in kivy.graphics.compiler.GraphicsCompiler.compile
2026-10-02 00:38:26 | WARNING  | kivy | stderr:   File "kivy\\graphics\\instructions.pyx", line 506, in kivy.graphics.instructions.Callback.apply
2026-10-02 00:38:26 | WARNING  | kivy | stderr:   File "d:\Program\cad4\core\gl_engine.py", line 379, in _draw_gl
2026-10-02 00:38:26 | WARNING  | kivy | stderr:     glEnable(GL_DEPTH_TEST)
2026-10-02 00:38:26 | WARNING  | kivy | stderr:   File "C:\Users\ahmet\AppData\Local\Programs\Python\Python312\Lib\site-packages\OpenGL\error.py", line 230, in glCheckError
2026-10-02 00:38:26 | WARNING  | kivy | stderr:     raise self._errorClass(
2026-10-02 00:38:26 | WARNING  | kivy | stderr: OpenGL.error.GLError: GLError(
2026-10-02 00:38:26 | WARNING  | kivy | stderr: 	err = 1282,
2026-10-02 00:38:26 | WARNING  | kivy | stderr: 	description = b'invalid operation',
2026-10-02 00:38:26 | WARNING  | kivy | stderr: 	baseOperation = glEnable,
2026-10-02 00:38:26 | WARNING  | kivy | stderr: 	cArguments = (GL_DEPTH_TEST,)
2026-10-02 00:38:26 | WARNING  | kivy | stderr: )
2026-10-02 00:39:34 | WARNING  | kivy | stderr: Exception ignored on calling ctypes callback function: <bound method WM_PenProvider._pen_wndProc of <kivy.input.providers.wm_pen.WM_PenProvider object at 0x0000016881375DC0>>
2026-10-02 00:39:34 | WARNING  | kivy | stderr: Traceback (most recent call last):
2026-10-02 00:39:34 | WARNING  | kivy | stderr:   File "C:\Users\ahmet\AppData\Local\Programs\Python\Python312\Lib\site-packages\kivy\input\providers\wm_pen.py", line 78, in _pen_wndProc
2026-10-02 00:39:34 | WARNING  | kivy | stderr:     if self._is_pen_message(msg):
2026-10-02 00:39:34 | WARNING  | kivy | stderr:        ^^^^^^^^^^^^^^^^^^^^^^^^^
2026-10-02 00:39:34 | WARNING  | kivy | stderr:   File "C:\Users\ahmet\AppData\Local\Programs\Python\Python312\Lib\site-packages\kivy\input\providers\wm_pen.py", line 49, in _is_pen_message
2026-10-02 00:39:34 | WARNING  | kivy | stderr:     info = windll.user32.GetMessageExtraInfo()
2026-10-02 00:39:34 | WARNING  | kivy | stderr:            ^^^^^^^^^^^^^^^^^^^^^^^^^^^^^^^^^^^
2026-10-02 00:39:34 | WARNING  | kivy | stderr: SystemError: <_FuncPtr object at 0x00000168E7E92D00> returned a result with an exception set
2026-10-02 00:39:34 | WARNING  | kivy | stderr: Traceback (most recent call last):
2026-10-02 00:39:34 | WARNING  | kivy | stderr:   File "d:\Program\cad4\main.py", line 314, in <module>
2026-10-02 00:39:34 | WARNING  | kivy | stderr:     CADApp().run()
2026-10-02 00:39:34 | WARNING  | kivy | stderr:   File "C:\Users\ahmet\AppData\Local\Programs\Python\Python312\Lib\site-packages\kivy\app.py", line 956, in run
2026-10-02 00:39:34 | WARNING  | kivy | stderr:     runTouchApp()
2026-10-02 00:39:34 | WARNING  | kivy | stderr:   File "C:\Users\ahmet\AppData\Local\Programs\Python\Python312\Lib\site-packages\kivy\base.py", line 574, in runTouchApp
2026-10-02 00:39:34 | WARNING  | kivy | stderr:     EventLoop.mainloop()
2026-10-02 00:39:34 | WARNING  | kivy | stderr:   File "C:\Users\ahmet\AppData\Local\Programs\Python\Python312\Lib\site-packages\kivy\base.py", line 339, in mainloop
2026-10-02 00:39:34 | WARNING  | kivy | stderr:     self.idle()
2026-10-02 00:39:34 | WARNING  | kivy | stderr:   File "C:\Users\ahmet\AppData\Local\Programs\Python\Python312\Lib\site-packages\kivy\base.py", line 400, in idle
2026-10-02 00:39:34 | WARNING  | kivy | stderr:     window.dispatch('on_draw')
2026-10-02 00:39:34 | WARNING  | kivy | stderr:   File "kivy\\_event.pyx", line 731, in kivy._event.EventDispatcher.dispatch
2026-10-02 00:39:34 | WARNING  | kivy | stderr:   File "C:\Users\ahmet\AppData\Local\Programs\Python\Python312\Lib\site-packages\kivy\core\window\__init__.py", line 1676, in on_draw
2026-10-02 00:39:34 | WARNING  | kivy | stderr:     self.render_context.draw()
2026-10-02 00:39:34 | WARNING  | kivy | stderr:   File "kivy\\graphics\\instructions.pyx", line 640, in kivy.graphics.instructions.Canvas.draw
2026-10-02 00:39:34 | WARNING  | kivy | stderr:   File "kivy\\graphics\\instructions.pyx", line 643, in kivy.graphics.instructions.Canvas.draw
2026-10-02 00:39:34 | WARNING  | kivy | stderr:   File "kivy\\graphics\\instructions.pyx", line 917, in kivy.graphics.instructions.RenderContext.apply
2026-10-02 00:39:34 | WARNING  | kivy | stderr:   File "kivy\\graphics\\instructions.pyx", line 654, in kivy.graphics.instructions.Canvas.apply
2026-10-02 00:39:34 | WARNING  | kivy | stderr:   File "kivy\\graphics\\instructions.pyx", line 167, in kivy.graphics.instructions.InstructionGroup.apply
2026-10-02 00:39:34 | WARNING  | kivy | stderr:   File "kivy\\graphics\\instructions.pyx", line 181, in kivy.graphics.instructions.InstructionGroup.build
2026-10-02 00:39:34 | WARNING  | kivy | stderr:   File "kivy\\graphics\\compiler.pyx", line 143, in kivy.graphics.compiler.GraphicsCompiler.compile
2026-10-02 00:39:34 | WARNING  | kivy | stderr:   File "kivy\\graphics\\instructions.pyx", line 654, in kivy.graphics.instructions.Canvas.apply
2026-10-02 00:39:34 | WARNING  | kivy | stderr:   File "kivy\\graphics\\instructions.pyx", line 167, in kivy.graphics.instructions.InstructionGroup.apply
2026-10-02 00:39:34 | WARNING  | kivy | stderr:   File "kivy\\graphics\\instructions.pyx", line 181, in kivy.graphics.instructions.InstructionGroup.build
2026-10-02 00:39:34 | WARNING  | kivy | stderr:   File "kivy\\graphics\\compiler.pyx", line 143, in kivy.graphics.compiler.GraphicsCompiler.compile
2026-10-02 00:39:34 | WARNING  | kivy | stderr:   File "kivy\\graphics\\instructions.pyx", line 654, in kivy.graphics.instructions.Canvas.apply
2026-10-02 00:39:34 | WARNING  | kivy | stderr:   File "kivy\\graphics\\instructions.pyx", line 167, in kivy.graphics.instructions.InstructionGroup.apply
2026-10-02 00:39:34 | WARNING  | kivy | stderr:   File "kivy\\graphics\\instructions.pyx", line 181, in kivy.graphics.instructions.InstructionGroup.build
2026-10-02 00:39:34 | WARNING  | kivy | stderr:   File "kivy\\graphics\\compiler.pyx", line 143, in kivy.graphics.compiler.GraphicsCompiler.compile
2026-10-02 00:39:34 | WARNING  | kivy | stderr:   File "kivy\\graphics\\instructions.pyx", line 654, in kivy.graphics.instructions.Canvas.apply
2026-10-02 00:39:34 | WARNING  | kivy | stderr:   File "kivy\\graphics\\instructions.pyx", line 167, in kivy.graphics.instructions.InstructionGroup.apply
2026-10-02 00:39:34 | WARNING  | kivy | stderr:   File "kivy\\graphics\\instructions.pyx", line 181, in kivy.graphics.instructions.InstructionGroup.build
2026-10-02 00:39:34 | WARNING  | kivy | stderr:   File "kivy\\graphics\\compiler.pyx", line 143, in kivy.graphics.compiler.GraphicsCompiler.compile
2026-10-02 00:39:34 | WARNING  | kivy | stderr:   File "kivy\\graphics\\instructions.pyx", line 506, in kivy.graphics.instructions.Callback.apply
2026-10-02 00:39:34 | WARNING  | kivy | stderr:   File "d:\Program\cad4\core\gl_engine.py", line 379, in _draw_gl
2026-10-02 00:39:34 | WARNING  | kivy | stderr:     glEnable(GL_DEPTH_TEST)
2026-10-02 00:39:34 | WARNING  | kivy | stderr:   File "C:\Users\ahmet\AppData\Local\Programs\Python\Python312\Lib\site-packages\OpenGL\error.py", line 230, in glCheckError
2026-10-02 00:39:34 | WARNING  | kivy | stderr:     raise self._errorClass(
2026-10-02 00:39:34 | WARNING  | kivy | stderr: OpenGL.error.GLError: GLError(
2026-10-02 00:39:34 | WARNING  | kivy | stderr: 	err = 1282,
2026-10-02 00:39:34 | WARNING  | kivy | stderr: 	description = b'invalid operation',
2026-10-02 00:39:34 | WARNING  | kivy | stderr: 	baseOperation = glEnable,
2026-10-02 00:39:34 | WARNING  | kivy | stderr: 	cArguments = (GL_DEPTH_TEST,)
2026-10-02 00:39:34 | WARNING  | kivy | stderr: )
2026-10-02 00:40:23 | WARNING  | kivy | stderr: Exception ignored on calling ctypes callback function: <bound method WM_PenProvider._pen_wndProc of <kivy.input.providers.wm_pen.WM_PenProvider object at 0x000002259074D430>>
2026-10-02 00:40:23 | WARNING  | kivy | stderr: Traceback (most recent call last):
2026-10-02 00:40:23 | WARNING  | kivy | stderr:   File "C:\Users\ahmet\AppData\Local\Programs\Python\Python312\Lib\site-packages\kivy\input\providers\wm_pen.py", line 78, in _pen_wndProc
2026-10-02 00:40:23 | WARNING  | kivy | stderr:     if self._is_pen_message(msg):
2026-10-02 00:40:23 | WARNING  | kivy | stderr:        ^^^^^^^^^^^^^^^^^^^^^^^^^
2026-10-02 00:40:23 | WARNING  | kivy | stderr:   File "C:\Users\ahmet\AppData\Local\Programs\Python\Python312\Lib\site-packages\kivy\input\providers\wm_pen.py", line 49, in _is_pen_message
2026-10-02 00:40:23 | WARNING  | kivy | stderr:     info = windll.user32.GetMessageExtraInfo()
2026-10-02 00:40:23 | WARNING  | kivy | stderr:            ^^^^^^^^^^^^^^^^^^^^^^^^^^^^^^^^^^^
2026-10-02 00:40:23 | WARNING  | kivy | stderr: SystemError: <_FuncPtr object at 0x00000225F72B2D00> returned a result with an exception set
2026-10-02 00:40:23 | WARNING  | kivy | stderr: Traceback (most recent call last):
2026-10-02 00:40:23 | WARNING  | kivy | stderr:   File "d:\Program\cad4\main.py", line 314, in <module>
2026-10-02 00:40:23 | WARNING  | kivy | stderr:     CADApp().run()
2026-10-02 00:40:23 | WARNING  | kivy | stderr:   File "C:\Users\ahmet\AppData\Local\Programs\Python\Python312\Lib\site-packages\kivy\app.py", line 956, in run
2026-10-02 00:40:23 | WARNING  | kivy | stderr:     runTouchApp()
2026-10-02 00:40:23 | WARNING  | kivy | stderr:   File "C:\Users\ahmet\AppData\Local\Programs\Python\Python312\Lib\site-packages\kivy\base.py", line 574, in runTouchApp
2026-10-02 00:40:23 | WARNING  | kivy | stderr:     EventLoop.mainloop()
2026-10-02 00:40:23 | WARNING  | kivy | stderr:   File "C:\Users\ahmet\AppData\Local\Programs\Python\Python312\Lib\site-packages\kivy\base.py", line 339, in mainloop
2026-10-02 00:40:23 | WARNING  | kivy | stderr:     self.idle()
2026-10-02 00:40:23 | WARNING  | kivy | stderr:   File "C:\Users\ahmet\AppData\Local\Programs\Python\Python312\Lib\site-packages\kivy\base.py", line 400, in idle
2026-10-02 00:40:23 | WARNING  | kivy | stderr:     window.dispatch('on_draw')
2026-10-02 00:40:23 | WARNING  | kivy | stderr:   File "kivy\\_event.pyx", line 731, in kivy._event.EventDispatcher.dispatch
2026-10-02 00:40:23 | WARNING  | kivy | stderr:   File "C:\Users\ahmet\AppData\Local\Programs\Python\Python312\Lib\site-packages\kivy\core\window\__init__.py", line 1676, in on_draw
2026-10-02 00:40:23 | WARNING  | kivy | stderr:     self.render_context.draw()
2026-10-02 00:40:23 | WARNING  | kivy | stderr:   File "kivy\\graphics\\instructions.pyx", line 640, in kivy.graphics.instructions.Canvas.draw
2026-10-02 00:40:23 | WARNING  | kivy | stderr:   File "kivy\\graphics\\instructions.pyx", line 643, in kivy.graphics.instructions.Canvas.draw
2026-10-02 00:40:23 | WARNING  | kivy | stderr:   File "kivy\\graphics\\instructions.pyx", line 917, in kivy.graphics.instructions.RenderContext.apply
2026-10-02 00:40:23 | WARNING  | kivy | stderr:   File "kivy\\graphics\\instructions.pyx", line 654, in kivy.graphics.instructions.Canvas.apply
2026-10-02 00:40:23 | WARNING  | kivy | stderr:   File "kivy\\graphics\\instructions.pyx", line 167, in kivy.graphics.instructions.InstructionGroup.apply
2026-10-02 00:40:23 | WARNING  | kivy | stderr:   File "kivy\\graphics\\instructions.pyx", line 181, in kivy.graphics.instructions.InstructionGroup.build
2026-10-02 00:40:23 | WARNING  | kivy | stderr:   File "kivy\\graphics\\compiler.pyx", line 143, in kivy.graphics.compiler.GraphicsCompiler.compile
2026-10-02 00:40:23 | WARNING  | kivy | stderr:   File "kivy\\graphics\\instructions.pyx", line 654, in kivy.graphics.instructions.Canvas.apply
2026-10-02 00:40:23 | WARNING  | kivy | stderr:   File "kivy\\graphics\\instructions.pyx", line 167, in kivy.graphics.instructions.InstructionGroup.apply
2026-10-02 00:40:23 | WARNING  | kivy | stderr:   File "kivy\\graphics\\instructions.pyx", line 181, in kivy.graphics.instructions.InstructionGroup.build
2026-10-02 00:40:23 | WARNING  | kivy | stderr:   File "kivy\\graphics\\compiler.pyx", line 143, in kivy.graphics.compiler.GraphicsCompiler.compile
2026-10-02 00:40:23 | WARNING  | kivy | stderr:   File "kivy\\graphics\\instructions.pyx", line 654, in kivy.graphics.instructions.Canvas.apply
2026-10-02 00:40:23 | WARNING  | kivy | stderr:   File "kivy\\graphics\\instructions.pyx", line 167, in kivy.graphics.instructions.InstructionGroup.apply
2026-10-02 00:40:23 | WARNING  | kivy | stderr:   File "kivy\\graphics\\instructions.pyx", line 181, in kivy.graphics.instructions.InstructionGroup.build
2026-10-02 00:40:23 | WARNING  | kivy | stderr:   File "kivy\\graphics\\compiler.pyx", line 143, in kivy.graphics.compiler.GraphicsCompiler.compile
2026-10-02 00:40:23 | WARNING  | kivy | stderr:   File "kivy\\graphics\\instructions.pyx", line 654, in kivy.graphics.instructions.Canvas.apply
2026-10-02 00:40:23 | WARNING  | kivy | stderr:   File "kivy\\graphics\\instructions.pyx", line 167, in kivy.graphics.instructions.InstructionGroup.apply
2026-10-02 00:40:23 | WARNING  | kivy | stderr:   File "kivy\\graphics\\instructions.pyx", line 181, in kivy.graphics.instructions.InstructionGroup.build
2026-10-02 00:40:23 | WARNING  | kivy | stderr:   File "kivy\\graphics\\compiler.pyx", line 143, in kivy.graphics.compiler.GraphicsCompiler.compile
2026-10-02 00:40:23 | WARNING  | kivy | stderr:   File "kivy\\graphics\\instructions.pyx", line 506, in kivy.graphics.instructions.Callback.apply
2026-10-02 00:40:23 | WARNING  | kivy | stderr:   File "d:\Program\cad4\core\gl_engine.py", line 378, in _draw_gl
2026-10-02 00:40:23 | WARNING  | kivy | stderr:     glViewport(0, 0, w, h)
2026-10-02 00:40:23 | WARNING  | kivy | stderr:   File "C:\Users\ahmet\AppData\Local\Programs\Python\Python312\Lib\site-packages\OpenGL\error.py", line 230, in glCheckError
2026-10-02 00:40:23 | WARNING  | kivy | stderr:     raise self._errorClass(
2026-10-02 00:40:23 | WARNING  | kivy | stderr: OpenGL.error.GLError: GLError(
2026-10-02 00:40:23 | WARNING  | kivy | stderr: 	err = 1282,
2026-10-02 00:40:23 | WARNING  | kivy | stderr: 	description = b'invalid operation',
2026-10-02 00:40:23 | WARNING  | kivy | stderr: 	baseOperation = glViewport,
2026-10-02 00:40:23 | WARNING  | kivy | stderr: 	cArguments = (0, 0, 1008, 580)
2026-10-02 00:40:23 | WARNING  | kivy | stderr: )
2026-10-02 00:42:34 | WARNING  | kivy | stderr: Exception ignored on calling ctypes callback function: <bound method WM_PenProvider._pen_wndProc of <kivy.input.providers.wm_pen.WM_PenProvider object at 0x000002691100C650>>
2026-10-02 00:42:34 | WARNING  | kivy | stderr: Traceback (most recent call last):
2026-10-02 00:42:34 | WARNING  | kivy | stderr:   File "C:\Users\ahmet\AppData\Local\Programs\Python\Python312\Lib\site-packages\kivy\input\providers\wm_pen.py", line 78, in _pen_wndProc
2026-10-02 00:42:34 | WARNING  | kivy | stderr:     if self._is_pen_message(msg):
2026-10-02 00:42:34 | WARNING  | kivy | stderr:        ^^^^^^^^^^^^^^^^^^^^^^^^^
2026-10-02 00:42:34 | WARNING  | kivy | stderr:   File "C:\Users\ahmet\AppData\Local\Programs\Python\Python312\Lib\site-packages\kivy\input\providers\wm_pen.py", line 49, in _is_pen_message
2026-10-02 00:42:34 | WARNING  | kivy | stderr:     info = windll.user32.GetMessageExtraInfo()
2026-10-02 00:42:34 | WARNING  | kivy | stderr:            ^^^^^^^^^^^^^^^^^^^^^^^^^^^^^^^^^^^
2026-10-02 00:42:34 | WARNING  | kivy | stderr: SystemError: <_FuncPtr object at 0x0000026977D72D00> returned a result with an exception set
2026-10-02 00:42:34 | WARNING  | kivy | stderr: Traceback (most recent call last):
2026-10-02 00:42:34 | WARNING  | kivy | stderr:   File "d:\Program\cad4\main.py", line 314, in <module>
2026-10-02 00:42:34 | WARNING  | kivy | stderr:     CADApp().run()
2026-10-02 00:42:34 | WARNING  | kivy | stderr:   File "C:\Users\ahmet\AppData\Local\Programs\Python\Python312\Lib\site-packages\kivy\app.py", line 956, in run
2026-10-02 00:42:34 | WARNING  | kivy | stderr:     runTouchApp()
2026-10-02 00:42:34 | WARNING  | kivy | stderr:   File "C:\Users\ahmet\AppData\Local\Programs\Python\Python312\Lib\site-packages\kivy\base.py", line 574, in runTouchApp
2026-10-02 00:42:34 | WARNING  | kivy | stderr:     EventLoop.mainloop()
2026-10-02 00:42:34 | WARNING  | kivy | stderr:   File "C:\Users\ahmet\AppData\Local\Programs\Python\Python312\Lib\site-packages\kivy\base.py", line 339, in mainloop
2026-10-02 00:42:34 | WARNING  | kivy | stderr:     self.idle()
2026-10-02 00:42:34 | WARNING  | kivy | stderr:   File "C:\Users\ahmet\AppData\Local\Programs\Python\Python312\Lib\site-packages\kivy\base.py", line 400, in idle
2026-10-02 00:42:34 | WARNING  | kivy | stderr:     window.dispatch('on_draw')
2026-10-02 00:42:34 | WARNING  | kivy | stderr:   File "kivy\\_event.pyx", line 731, in kivy._event.EventDispatcher.dispatch
2026-10-02 00:42:34 | WARNING  | kivy | stderr:   File "C:\Users\ahmet\AppData\Local\Programs\Python\Python312\Lib\site-packages\kivy\core\window\__init__.py", line 1676, in on_draw
2026-10-02 00:42:34 | WARNING  | kivy | stderr:     self.render_context.draw()
2026-10-02 00:42:34 | WARNING  | kivy | stderr:   File "kivy\\graphics\\instructions.pyx", line 640, in kivy.graphics.instructions.Canvas.draw
2026-10-02 00:42:34 | WARNING  | kivy | stderr:   File "kivy\\graphics\\instructions.pyx", line 643, in kivy.graphics.instructions.Canvas.draw
2026-10-02 00:42:34 | WARNING  | kivy | stderr:   File "kivy\\graphics\\instructions.pyx", line 917, in kivy.graphics.instructions.RenderContext.apply
2026-10-02 00:42:34 | WARNING  | kivy | stderr:   File "kivy\\graphics\\instructions.pyx", line 654, in kivy.graphics.instructions.Canvas.apply
2026-10-02 00:42:34 | WARNING  | kivy | stderr:   File "kivy\\graphics\\instructions.pyx", line 167, in kivy.graphics.instructions.InstructionGroup.apply
2026-10-02 00:42:34 | WARNING  | kivy | stderr:   File "kivy\\graphics\\instructions.pyx", line 181, in kivy.graphics.instructions.InstructionGroup.build
2026-10-02 00:42:34 | WARNING  | kivy | stderr:   File "kivy\\graphics\\compiler.pyx", line 143, in kivy.graphics.compiler.GraphicsCompiler.compile
2026-10-02 00:42:34 | WARNING  | kivy | stderr:   File "kivy\\graphics\\instructions.pyx", line 654, in kivy.graphics.instructions.Canvas.apply
2026-10-02 00:42:34 | WARNING  | kivy | stderr:   File "kivy\\graphics\\instructions.pyx", line 167, in kivy.graphics.instructions.InstructionGroup.apply
2026-10-02 00:42:34 | WARNING  | kivy | stderr:   File "kivy\\graphics\\instructions.pyx", line 181, in kivy.graphics.instructions.InstructionGroup.build
2026-10-02 00:42:34 | WARNING  | kivy | stderr:   File "kivy\\graphics\\compiler.pyx", line 143, in kivy.graphics.compiler.GraphicsCompiler.compile
2026-10-02 00:42:34 | WARNING  | kivy | stderr:   File "kivy\\graphics\\instructions.pyx", line 654, in kivy.graphics.instructions.Canvas.apply
2026-10-02 00:42:34 | WARNING  | kivy | stderr:   File "kivy\\graphics\\instructions.pyx", line 167, in kivy.graphics.instructions.InstructionGroup.apply
2026-10-02 00:42:34 | WARNING  | kivy | stderr:   File "kivy\\graphics\\instructions.pyx", line 181, in kivy.graphics.instructions.InstructionGroup.build
2026-10-02 00:42:34 | WARNING  | kivy | stderr:   File "kivy\\graphics\\compiler.pyx", line 143, in kivy.graphics.compiler.GraphicsCompiler.compile
2026-10-02 00:42:34 | WARNING  | kivy | stderr:   File "kivy\\graphics\\instructions.pyx", line 654, in kivy.graphics.instructions.Canvas.apply
2026-10-02 00:42:34 | WARNING  | kivy | stderr:   File "kivy\\graphics\\instructions.pyx", line 167, in kivy.graphics.instructions.InstructionGroup.apply
2026-10-02 00:42:34 | WARNING  | kivy | stderr:   File "kivy\\graphics\\instructions.pyx", line 181, in kivy.graphics.instructions.InstructionGroup.build
2026-10-02 00:42:34 | WARNING  | kivy | stderr:   File "kivy\\graphics\\compiler.pyx", line 143, in kivy.graphics.compiler.GraphicsCompiler.compile
2026-10-02 00:42:34 | WARNING  | kivy | stderr:   File "kivy\\graphics\\instructions.pyx", line 506, in kivy.graphics.instructions.Callback.apply
2026-10-02 00:42:34 | WARNING  | kivy | stderr:   File "d:\Program\cad4\core\gl_engine.py", line 380, in _draw_gl
2026-10-02 00:42:34 | WARNING  | kivy | stderr:     glGetIntegerv(GL_DRAW_FRAMEBUFFER_BINDING),
2026-10-02 00:42:34 | WARNING  | kivy | stderr:     ^^^^^^^^^^^^^^^^^^^^^^^^^^^^^^^^^^^^^^^^^^
2026-10-02 00:42:34 | WARNING  | kivy | stderr:   File "C:\Users\ahmet\AppData\Local\Programs\Python\Python312\Lib\site-packages\OpenGL\latebind.py", line 43, in __call__
2026-10-02 00:42:34 | WARNING  | kivy | stderr:     return self._finalCall( *args, **named )
2026-10-02 00:42:34 | WARNING  | kivy | stderr:            ^^^^^^^^^^^^^^^^^^^^^^^^^^^^^^^^^
2026-10-02 00:42:34 | WARNING  | kivy | stderr:   File "C:\Users\ahmet\AppData\Local\Programs\Python\Python312\Lib\site-packages\OpenGL\wrapper.py", line 771, in wrapperCall
2026-10-02 00:42:34 | WARNING  | kivy | stderr:     raise err
2026-10-02 00:42:34 | WARNING  | kivy | stderr:   File "C:\Users\ahmet\AppData\Local\Programs\Python\Python312\Lib\site-packages\OpenGL\wrapper.py", line 764, in wrapperCall
2026-10-02 00:42:34 | WARNING  | kivy | stderr:     result = wrappedOperation(*cArguments)
2026-10-02 00:42:34 | WARNING  | kivy | stderr:              ^^^^^^^^^^^^^^^^^^^^^^^^^^^^^
2026-10-02 00:42:34 | WARNING  | kivy | stderr:   File "C:\Users\ahmet\AppData\Local\Programs\Python\Python312\Lib\site-packages\OpenGL\error.py", line 230, in glCheckError
2026-10-02 00:42:34 | WARNING  | kivy | stderr:     raise self._errorClass(
2026-10-02 00:42:34 | WARNING  | kivy | stderr: OpenGL.error.GLError: GLError(
2026-10-02 00:42:34 | WARNING  | kivy | stderr: 	err = 1282,
2026-10-02 00:42:34 | WARNING  | kivy | stderr: 	description = b'invalid operation',
2026-10-02 00:42:34 | WARNING  | kivy | stderr: 	baseOperation = glGetIntegerv,
2026-10-02 00:42:34 | WARNING  | kivy | stderr: 	pyArgs = (
2026-10-02 00:42:34 | WARNING  | kivy | stderr: 		GL_DRAW_FRAMEBUFFER_BINDING,
2026-10-02 00:42:34 | WARNING  | kivy | stderr: 		<object object at 0x0000026974F49880>,
2026-10-02 00:42:34 | WARNING  | kivy | stderr: 	),
2026-10-02 00:42:34 | WARNING  | kivy | stderr: 	cArgs = (
2026-10-02 00:42:34 | WARNING  | kivy | stderr: 		GL_DRAW_FRAMEBUFFER_BINDING,
2026-10-02 00:42:34 | WARNING  | kivy | stderr: 		array([0], dtype=int32),
2026-10-02 00:42:34 | WARNING  | kivy | stderr: 	),
2026-10-02 00:42:34 | WARNING  | kivy | stderr: 	cArguments = (
2026-10-02 00:42:34 | WARNING  | kivy | stderr: 		GL_DRAW_FRAMEBUFFER_BINDING,
2026-10-02 00:42:34 | WARNING  | kivy | stderr: 		array([0], dtype=int32),
2026-10-02 00:42:34 | WARNING  | kivy | stderr: 	)
2026-10-02 00:42:34 | WARNING  | kivy | stderr: )
2026-10-02 00:44:11 | WARNING  | kivy | stderr: Exception ignored on calling ctypes callback function: <bound method WM_PenProvider._pen_wndProc of <kivy.input.providers.wm_pen.WM_PenProvider object at 0x0000028DD30F58B0>>
2026-10-02 00:44:11 | WARNING  | kivy | stderr: Traceback (most recent call last):
2026-10-02 00:44:11 | WARNING  | kivy | stderr:   File "C:\Users\ahmet\AppData\Local\Programs\Python\Python312\Lib\site-packages\kivy\input\providers\wm_pen.py", line 78, in _pen_wndProc
2026-10-02 00:44:11 | WARNING  | kivy | stderr:     if self._is_pen_message(msg):
2026-10-02 00:44:11 | WARNING  | kivy | stderr:        ^^^^^^^^^^^^^^^^^^^^^^^^^
2026-10-02 00:44:11 | WARNING  | kivy | stderr:   File "C:\Users\ahmet\AppData\Local\Programs\Python\Python312\Lib\site-packages\kivy\input\providers\wm_pen.py", line 49, in _is_pen_message
2026-10-02 00:44:11 | WARNING  | kivy | stderr:     info = windll.user32.GetMessageExtraInfo()
2026-10-02 00:44:11 | WARNING  | kivy | stderr:            ^^^^^^^^^^^^^^^^^^^^^^^^^^^^^^^^^^^
2026-10-02 00:44:11 | WARNING  | kivy | stderr: SystemError: <_FuncPtr object at 0x0000028DB9CA2D00> returned a result with an exception set
2026-10-02 00:44:11 | WARNING  | kivy | stderr: Traceback (most recent call last):
2026-10-02 00:44:11 | WARNING  | kivy | stderr:   File "d:\Program\cad4\main.py", line 314, in <module>
2026-10-02 00:44:11 | WARNING  | kivy | stderr:     CADApp().run()
2026-10-02 00:44:11 | WARNING  | kivy | stderr:   File "C:\Users\ahmet\AppData\Local\Programs\Python\Python312\Lib\site-packages\kivy\app.py", line 956, in run
2026-10-02 00:44:11 | WARNING  | kivy | stderr:     runTouchApp()
2026-10-02 00:44:11 | WARNING  | kivy | stderr:   File "C:\Users\ahmet\AppData\Local\Programs\Python\Python312\Lib\site-packages\kivy\base.py", line 574, in runTouchApp
2026-10-02 00:44:11 | WARNING  | kivy | stderr:     EventLoop.mainloop()
2026-10-02 00:44:11 | WARNING  | kivy | stderr:   File "C:\Users\ahmet\AppData\Local\Programs\Python\Python312\Lib\site-packages\kivy\base.py", line 339, in mainloop
2026-10-02 00:44:11 | WARNING  | kivy | stderr:     self.idle()
2026-10-02 00:44:11 | WARNING  | kivy | stderr:   File "C:\Users\ahmet\AppData\Local\Programs\Python\Python312\Lib\site-packages\kivy\base.py", line 400, in idle
2026-10-02 00:44:11 | WARNING  | kivy | stderr:     window.dispatch('on_draw')
2026-10-02 00:44:11 | WARNING  | kivy | stderr:   File "kivy\\_event.pyx", line 731, in kivy._event.EventDispatcher.dispatch
2026-10-02 00:44:11 | WARNING  | kivy | stderr:   File "C:\Users\ahmet\AppData\Local\Programs\Python\Python312\Lib\site-packages\kivy\core\window\__init__.py", line 1676, in on_draw
2026-10-02 00:44:11 | WARNING  | kivy | stderr:     self.render_context.draw()
2026-10-02 00:44:11 | WARNING  | kivy | stderr:   File "kivy\\graphics\\instructions.pyx", line 640, in kivy.graphics.instructions.Canvas.draw
2026-10-02 00:44:11 | WARNING  | kivy | stderr:   File "kivy\\graphics\\instructions.pyx", line 643, in kivy.graphics.instructions.Canvas.draw
2026-10-02 00:44:11 | WARNING  | kivy | stderr:   File "kivy\\graphics\\instructions.pyx", line 917, in kivy.graphics.instructions.RenderContext.apply
2026-10-02 00:44:11 | WARNING  | kivy | stderr:   File "kivy\\graphics\\instructions.pyx", line 654, in kivy.graphics.instructions.Canvas.apply
2026-10-02 00:44:11 | WARNING  | kivy | stderr:   File "kivy\\graphics\\instructions.pyx", line 167, in kivy.graphics.instructions.InstructionGroup.apply
2026-10-02 00:44:11 | WARNING  | kivy | stderr:   File "kivy\\graphics\\instructions.pyx", line 181, in kivy.graphics.instructions.InstructionGroup.build
2026-10-02 00:44:11 | WARNING  | kivy | stderr:   File "kivy\\graphics\\compiler.pyx", line 143, in kivy.graphics.compiler.GraphicsCompiler.compile
2026-10-02 00:44:11 | WARNING  | kivy | stderr:   File "kivy\\graphics\\instructions.pyx", line 654, in kivy.graphics.instructions.Canvas.apply
2026-10-02 00:44:11 | WARNING  | kivy | stderr:   File "kivy\\graphics\\instructions.pyx", line 167, in kivy.graphics.instructions.InstructionGroup.apply
2026-10-02 00:44:11 | WARNING  | kivy | stderr:   File "kivy\\graphics\\instructions.pyx", line 181, in kivy.graphics.instructions.InstructionGroup.build
2026-10-02 00:44:11 | WARNING  | kivy | stderr:   File "kivy\\graphics\\compiler.pyx", line 143, in kivy.graphics.compiler.GraphicsCompiler.compile
2026-10-02 00:44:11 | WARNING  | kivy | stderr:   File "kivy\\graphics\\instructions.pyx", line 654, in kivy.graphics.instructions.Canvas.apply
2026-10-02 00:44:11 | WARNING  | kivy | stderr:   File "kivy\\graphics\\instructions.pyx", line 167, in kivy.graphics.instructions.InstructionGroup.apply
2026-10-02 00:44:11 | WARNING  | kivy | stderr:   File "kivy\\graphics\\instructions.pyx", line 181, in kivy.graphics.instructions.InstructionGroup.build
2026-10-02 00:44:11 | WARNING  | kivy | stderr:   File "kivy\\graphics\\compiler.pyx", line 143, in kivy.graphics.compiler.GraphicsCompiler.compile
2026-10-02 00:44:11 | WARNING  | kivy | stderr:   File "kivy\\graphics\\instructions.pyx", line 654, in kivy.graphics.instructions.Canvas.apply
2026-10-02 00:44:11 | WARNING  | kivy | stderr:   File "kivy\\graphics\\instructions.pyx", line 167, in kivy.graphics.instructions.InstructionGroup.apply
2026-10-02 00:44:11 | WARNING  | kivy | stderr:   File "kivy\\graphics\\instructions.pyx", line 181, in kivy.graphics.instructions.InstructionGroup.build
2026-10-02 00:44:11 | WARNING  | kivy | stderr:   File "kivy\\graphics\\compiler.pyx", line 143, in kivy.graphics.compiler.GraphicsCompiler.compile
2026-10-02 00:44:11 | WARNING  | kivy | stderr:   File "kivy\\graphics\\instructions.pyx", line 506, in kivy.graphics.instructions.Callback.apply
2026-10-02 00:44:11 | WARNING  | kivy | stderr:   File "d:\Program\cad4\core\gl_engine.py", line 380, in _draw_gl
2026-10-02 00:44:11 | WARNING  | kivy | stderr:     glGetIntegerv(GL_DRAW_FRAMEBUFFER_BINDING),
2026-10-02 00:44:11 | WARNING  | kivy | stderr:     ^^^^^^^^^^^^^^^^^^^^^^^^^^^^^^^^^^^^^^^^^^
2026-10-02 00:44:11 | WARNING  | kivy | stderr:   File "C:\Users\ahmet\AppData\Local\Programs\Python\Python312\Lib\site-packages\OpenGL\latebind.py", line 43, in __call__
2026-10-02 00:44:11 | WARNING  | kivy | stderr:     return self._finalCall( *args, **named )
2026-10-02 00:44:11 | WARNING  | kivy | stderr:            ^^^^^^^^^^^^^^^^^^^^^^^^^^^^^^^^^
2026-10-02 00:44:11 | WARNING  | kivy | stderr:   File "C:\Users\ahmet\AppData\Local\Programs\Python\Python312\Lib\site-packages\OpenGL\wrapper.py", line 771, in wrapperCall
2026-10-02 00:44:11 | WARNING  | kivy | stderr:     raise err
2026-10-02 00:44:11 | WARNING  | kivy | stderr:   File "C:\Users\ahmet\AppData\Local\Programs\Python\Python312\Lib\site-packages\OpenGL\wrapper.py", line 764, in wrapperCall
2026-10-02 00:44:11 | WARNING  | kivy | stderr:     result = wrappedOperation(*cArguments)
2026-10-02 00:44:11 | WARNING  | kivy | stderr:              ^^^^^^^^^^^^^^^^^^^^^^^^^^^^^
2026-10-02 00:44:11 | WARNING  | kivy | stderr:   File "C:\Users\ahmet\AppData\Local\Programs\Python\Python312\Lib\site-packages\OpenGL\error.py", line 230, in glCheckError
2026-10-02 00:44:11 | WARNING  | kivy | stderr:     raise self._errorClass(
2026-10-02 00:44:11 | WARNING  | kivy | stderr: OpenGL.error.GLError: GLError(
2026-10-02 00:44:11 | WARNING  | kivy | stderr: 	err = 1282,
2026-10-02 00:44:11 | WARNING  | kivy | stderr: 	description = b'invalid operation',
2026-10-02 00:44:11 | WARNING  | kivy | stderr: 	baseOperation = glGetIntegerv,
2026-10-02 00:44:11 | WARNING  | kivy | stderr: 	pyArgs = (
2026-10-02 00:44:11 | WARNING  | kivy | stderr: 		GL_DRAW_FRAMEBUFFER_BINDING,
2026-10-02 00:44:11 | WARNING  | kivy | stderr: 		<object object at 0x0000028DB6DF9880>,
2026-10-02 00:44:11 | WARNING  | kivy | stderr: 	),
2026-10-02 00:44:11 | WARNING  | kivy | stderr: 	cArgs = (
2026-10-02 00:44:11 | WARNING  | kivy | stderr: 		GL_DRAW_FRAMEBUFFER_BINDING,
2026-10-02 00:44:11 | WARNING  | kivy | stderr: 		array([0], dtype=int32),
2026-10-02 00:44:11 | WARNING  | kivy | stderr: 	),
2026-10-02 00:44:11 | WARNING  | kivy | stderr: 	cArguments = (
2026-10-02 00:44:11 | WARNING  | kivy | stderr: 		GL_DRAW_FRAMEBUFFER_BINDING,
2026-10-02 00:44:11 | WARNING  | kivy | stderr: 		array([0], dtype=int32),
2026-10-02 00:44:11 | WARNING  | kivy | stderr: 	)
2026-10-02 00:44:11 | WARNING  | kivy | stderr: )
2026-10-02 00:45:37 | WARNING  | kivy | stderr: Exception ignored on calling ctypes callback function: <bound method WM_PenProvider._pen_wndProc of <kivy.input.providers.wm_pen.WM_PenProvider object at 0x0000018554DEC200>>
2026-10-02 00:45:37 | WARNING  | kivy | stderr: Traceback (most recent call last):
2026-10-02 00:45:37 | WARNING  | kivy | stderr:   File "C:\Users\ahmet\AppData\Local\Programs\Python\Python312\Lib\site-packages\kivy\input\providers\wm_pen.py", line 78, in _pen_wndProc
2026-10-02 00:45:37 | WARNING  | kivy | stderr:     if self._is_pen_message(msg):
2026-10-02 00:45:37 | WARNING  | kivy | stderr:        ^^^^^^^^^^^^^^^^^^^^^^^^^
2026-10-02 00:45:37 | WARNING  | kivy | stderr:   File "C:\Users\ahmet\AppData\Local\Programs\Python\Python312\Lib\site-packages\kivy\input\providers\wm_pen.py", line 49, in _is_pen_message
2026-10-02 00:45:37 | WARNING  | kivy | stderr:     info = windll.user32.GetMessageExtraInfo()
2026-10-02 00:45:37 | WARNING  | kivy | stderr:            ^^^^^^^^^^^^^^^^^^^^^^^^^^^^^^^^^^^
2026-10-02 00:45:37 | WARNING  | kivy | stderr: SystemError: <_FuncPtr object at 0x000001853D622D00> returned a result with an exception set
2026-10-02 00:45:37 | WARNING  | kivy | stderr: Traceback (most recent call last):
2026-10-02 00:45:37 | WARNING  | kivy | stderr:   File "d:\Program\cad4\main.py", line 314, in <module>
2026-10-02 00:45:37 | WARNING  | kivy | stderr:     CADApp().run()
2026-10-02 00:45:37 | WARNING  | kivy | stderr:   File "C:\Users\ahmet\AppData\Local\Programs\Python\Python312\Lib\site-packages\kivy\app.py", line 956, in run
2026-10-02 00:45:37 | WARNING  | kivy | stderr:     runTouchApp()
2026-10-02 00:45:37 | WARNING  | kivy | stderr:   File "C:\Users\ahmet\AppData\Local\Programs\Python\Python312\Lib\site-packages\kivy\base.py", line 574, in runTouchApp
2026-10-02 00:45:37 | WARNING  | kivy | stderr:     EventLoop.mainloop()
2026-10-02 00:45:37 | WARNING  | kivy | stderr:   File "C:\Users\ahmet\AppData\Local\Programs\Python\Python312\Lib\site-packages\kivy\base.py", line 339, in mainloop
2026-10-02 00:45:37 | WARNING  | kivy | stderr:     self.idle()
2026-10-02 00:45:37 | WARNING  | kivy | stderr:   File "C:\Users\ahmet\AppData\Local\Programs\Python\Python312\Lib\site-packages\kivy\base.py", line 400, in idle
2026-10-02 00:45:37 | WARNING  | kivy | stderr:     window.dispatch('on_draw')
2026-10-02 00:45:37 | WARNING  | kivy | stderr:   File "kivy\\_event.pyx", line 731, in kivy._event.EventDispatcher.dispatch
2026-10-02 00:45:37 | WARNING  | kivy | stderr:   File "C:\Users\ahmet\AppData\Local\Programs\Python\Python312\Lib\site-packages\kivy\core\window\__init__.py", line 1676, in on_draw
2026-10-02 00:45:37 | WARNING  | kivy | stderr:     self.render_context.draw()
2026-10-02 00:45:37 | WARNING  | kivy | stderr:   File "kivy\\graphics\\instructions.pyx", line 640, in kivy.graphics.instructions.Canvas.draw
2026-10-02 00:45:37 | WARNING  | kivy | stderr:   File "kivy\\graphics\\instructions.pyx", line 643, in kivy.graphics.instructions.Canvas.draw
2026-10-02 00:45:37 | WARNING  | kivy | stderr:   File "kivy\\graphics\\instructions.pyx", line 917, in kivy.graphics.instructions.RenderContext.apply
2026-10-02 00:45:37 | WARNING  | kivy | stderr:   File "kivy\\graphics\\instructions.pyx", line 654, in kivy.graphics.instructions.Canvas.apply
2026-10-02 00:45:37 | WARNING  | kivy | stderr:   File "kivy\\graphics\\instructions.pyx", line 167, in kivy.graphics.instructions.InstructionGroup.apply
2026-10-02 00:45:37 | WARNING  | kivy | stderr:   File "kivy\\graphics\\instructions.pyx", line 181, in kivy.graphics.instructions.InstructionGroup.build
2026-10-02 00:45:37 | WARNING  | kivy | stderr:   File "kivy\\graphics\\compiler.pyx", line 143, in kivy.graphics.compiler.GraphicsCompiler.compile
2026-10-02 00:45:37 | WARNING  | kivy | stderr:   File "kivy\\graphics\\instructions.pyx", line 654, in kivy.graphics.instructions.Canvas.apply
2026-10-02 00:45:37 | WARNING  | kivy | stderr:   File "kivy\\graphics\\instructions.pyx", line 167, in kivy.graphics.instructions.InstructionGroup.apply
2026-10-02 00:45:37 | WARNING  | kivy | stderr:   File "kivy\\graphics\\instructions.pyx", line 181, in kivy.graphics.instructions.InstructionGroup.build
2026-10-02 00:45:37 | WARNING  | kivy | stderr:   File "kivy\\graphics\\compiler.pyx", line 143, in kivy.graphics.compiler.GraphicsCompiler.compile
2026-10-02 00:45:37 | WARNING  | kivy | stderr:   File "kivy\\graphics\\instructions.pyx", line 654, in kivy.graphics.instructions.Canvas.apply
2026-10-02 00:45:37 | WARNING  | kivy | stderr:   File "kivy\\graphics\\instructions.pyx", line 167, in kivy.graphics.instructions.InstructionGroup.apply
2026-10-02 00:45:37 | WARNING  | kivy | stderr:   File "kivy\\graphics\\instructions.pyx", line 181, in kivy.graphics.instructions.InstructionGroup.build
2026-10-02 00:45:37 | WARNING  | kivy | stderr:   File "kivy\\graphics\\compiler.pyx", line 143, in kivy.graphics.compiler.GraphicsCompiler.compile
2026-10-02 00:45:37 | WARNING  | kivy | stderr:   File "kivy\\graphics\\instructions.pyx", line 654, in kivy.graphics.instructions.Canvas.apply
2026-10-02 00:45:37 | WARNING  | kivy | stderr:   File "kivy\\graphics\\instructions.pyx", line 167, in kivy.graphics.instructions.InstructionGroup.apply
2026-10-02 00:45:37 | WARNING  | kivy | stderr:   File "kivy\\graphics\\instructions.pyx", line 181, in kivy.graphics.instructions.InstructionGroup.build
2026-10-02 00:45:37 | WARNING  | kivy | stderr:   File "kivy\\graphics\\compiler.pyx", line 143, in kivy.graphics.compiler.GraphicsCompiler.compile
2026-10-02 00:45:37 | WARNING  | kivy | stderr:   File "kivy\\graphics\\instructions.pyx", line 506, in kivy.graphics.instructions.Callback.apply
2026-10-02 00:45:37 | WARNING  | kivy | stderr:   File "d:\Program\cad4\core\gl_engine.py", line 380, in _draw_gl
2026-10-02 00:45:37 | WARNING  | kivy | stderr:     glGetIntegerv(GL_DRAW_FRAMEBUFFER_BINDING),
2026-10-02 00:45:37 | WARNING  | kivy | stderr:     ^^^^^^^^^^^^^^^^^^^^^^^^^^^^^^^^^^^^^^^^^^
2026-10-02 00:45:37 | WARNING  | kivy | stderr:   File "C:\Users\ahmet\AppData\Local\Programs\Python\Python312\Lib\site-packages\OpenGL\latebind.py", line 43, in __call__
2026-10-02 00:45:37 | WARNING  | kivy | stderr:     return self._finalCall( *args, **named )
2026-10-02 00:45:37 | WARNING  | kivy | stderr:            ^^^^^^^^^^^^^^^^^^^^^^^^^^^^^^^^^
2026-10-02 00:45:37 | WARNING  | kivy | stderr:   File "C:\Users\ahmet\AppData\Local\Programs\Python\Python312\Lib\site-packages\OpenGL\wrapper.py", line 771, in wrapperCall
2026-10-02 00:45:37 | WARNING  | kivy | stderr:     raise err
2026-10-02 00:45:37 | WARNING  | kivy | stderr:   File "C:\Users\ahmet\AppData\Local\Programs\Python\Python312\Lib\site-packages\OpenGL\wrapper.py", line 764, in wrapperCall
2026-10-02 00:45:37 | WARNING  | kivy | stderr:     result = wrappedOperation(*cArguments)
2026-10-02 00:45:37 | WARNING  | kivy | stderr:              ^^^^^^^^^^^^^^^^^^^^^^^^^^^^^
2026-10-02 00:45:37 | WARNING  | kivy | stderr:   File "C:\Users\ahmet\AppData\Local\Programs\Python\Python312\Lib\site-packages\OpenGL\error.py", line 230, in glCheckError
2026-10-02 00:45:37 | WARNING  | kivy | stderr:     raise self._errorClass(
2026-10-02 00:45:37 | WARNING  | kivy | stderr: OpenGL.error.GLError: GLError(
2026-10-02 00:45:37 | WARNING  | kivy | stderr: 	err = 1282,
2026-10-02 00:45:37 | WARNING  | kivy | stderr: 	description = b'invalid operation',
2026-10-02 00:45:37 | WARNING  | kivy | stderr: 	baseOperation = glGetIntegerv,
2026-10-02 00:45:37 | WARNING  | kivy | stderr: 	pyArgs = (
2026-10-02 00:45:37 | WARNING  | kivy | stderr: 		GL_DRAW_FRAMEBUFFER_BINDING,
2026-10-02 00:45:37 | WARNING  | kivy | stderr: 		<object object at 0x000001853A789880>,
2026-10-02 00:45:37 | WARNING  | kivy | stderr: 	),
2026-10-02 00:45:37 | WARNING  | kivy | stderr: 	cArgs = (
2026-10-02 00:45:37 | WARNING  | kivy | stderr: 		GL_DRAW_FRAMEBUFFER_BINDING,
2026-10-02 00:45:37 | WARNING  | kivy | stderr: 		array([0], dtype=int32),
2026-10-02 00:45:37 | WARNING  | kivy | stderr: 	),
2026-10-02 00:45:37 | WARNING  | kivy | stderr: 	cArguments = (
2026-10-02 00:45:37 | WARNING  | kivy | stderr: 		GL_DRAW_FRAMEBUFFER_BINDING,
2026-10-02 00:45:37 | WARNING  | kivy | stderr: 		array([0], dtype=int32),
2026-10-02 00:45:37 | WARNING  | kivy | stderr: 	)
2026-10-02 00:45:37 | WARNING  | kivy | stderr: )
2026-10-02 00:47:00 | WARNING  | kivy | stderr: Exception ignored on calling ctypes callback function: <bound method WM_PenProvider._pen_wndProc of <kivy.input.providers.wm_pen.WM_PenProvider object at 0x000002E877BED430>>
2026-10-02 00:47:00 | WARNING  | kivy | stderr: Traceback (most recent call last):
2026-10-02 00:47:00 | WARNING  | kivy | stderr:   File "C:\Users\ahmet\AppData\Local\Programs\Python\Python312\Lib\site-packages\kivy\input\providers\wm_pen.py", line 78, in _pen_wndProc
2026-10-02 00:47:00 | WARNING  | kivy | stderr:     if self._is_pen_message(msg):
2026-10-02 00:47:00 | WARNING  | kivy | stderr:        ^^^^^^^^^^^^^^^^^^^^^^^^^
2026-10-02 00:47:00 | WARNING  | kivy | stderr:   File "C:\Users\ahmet\AppData\Local\Programs\Python\Python312\Lib\site-packages\kivy\input\providers\wm_pen.py", line 49, in _is_pen_message
2026-10-02 00:47:00 | WARNING  | kivy | stderr:     info = windll.user32.GetMessageExtraInfo()
2026-10-02 00:47:00 | WARNING  | kivy | stderr:            ^^^^^^^^^^^^^^^^^^^^^^^^^^^^^^^^^^^
2026-10-02 00:47:00 | WARNING  | kivy | stderr: SystemError: <_FuncPtr object at 0x000002E85E792D00> returned a result with an exception set
2026-10-02 00:47:00 | WARNING  | kivy | stderr: Traceback (most recent call last):
2026-10-02 00:47:00 | WARNING  | kivy | stderr:   File "d:\Program\cad4\main.py", line 314, in <module>
2026-10-02 00:47:00 | WARNING  | kivy | stderr:     CADApp().run()
2026-10-02 00:47:00 | WARNING  | kivy | stderr:   File "C:\Users\ahmet\AppData\Local\Programs\Python\Python312\Lib\site-packages\kivy\app.py", line 956, in run
2026-10-02 00:47:00 | WARNING  | kivy | stderr:     runTouchApp()
2026-10-02 00:47:00 | WARNING  | kivy | stderr:   File "C:\Users\ahmet\AppData\Local\Programs\Python\Python312\Lib\site-packages\kivy\base.py", line 574, in runTouchApp
2026-10-02 00:47:00 | WARNING  | kivy | stderr:     EventLoop.mainloop()
2026-10-02 00:47:00 | WARNING  | kivy | stderr:   File "C:\Users\ahmet\AppData\Local\Programs\Python\Python312\Lib\site-packages\kivy\base.py", line 339, in mainloop
2026-10-02 00:47:00 | WARNING  | kivy | stderr:     self.idle()
2026-10-02 00:47:00 | WARNING  | kivy | stderr:   File "C:\Users\ahmet\AppData\Local\Programs\Python\Python312\Lib\site-packages\kivy\base.py", line 400, in idle
2026-10-02 00:47:00 | WARNING  | kivy | stderr:     window.dispatch('on_draw')
2026-10-02 00:47:00 | WARNING  | kivy | stderr:   File "kivy\\_event.pyx", line 731, in kivy._event.EventDispatcher.dispatch
2026-10-02 00:47:00 | WARNING  | kivy | stderr:   File "C:\Users\ahmet\AppData\Local\Programs\Python\Python312\Lib\site-packages\kivy\core\window\__init__.py", line 1676, in on_draw
2026-10-02 00:47:00 | WARNING  | kivy | stderr:     self.render_context.draw()
2026-10-02 00:47:00 | WARNING  | kivy | stderr:   File "kivy\\graphics\\instructions.pyx", line 640, in kivy.graphics.instructions.Canvas.draw
2026-10-02 00:47:00 | WARNING  | kivy | stderr:   File "kivy\\graphics\\instructions.pyx", line 643, in kivy.graphics.instructions.Canvas.draw
2026-10-02 00:47:00 | WARNING  | kivy | stderr:   File "kivy\\graphics\\instructions.pyx", line 917, in kivy.graphics.instructions.RenderContext.apply
2026-10-02 00:47:00 | WARNING  | kivy | stderr:   File "kivy\\graphics\\instructions.pyx", line 654, in kivy.graphics.instructions.Canvas.apply
2026-10-02 00:47:00 | WARNING  | kivy | stderr:   File "kivy\\graphics\\instructions.pyx", line 167, in kivy.graphics.instructions.InstructionGroup.apply
2026-10-02 00:47:00 | WARNING  | kivy | stderr:   File "kivy\\graphics\\instructions.pyx", line 181, in kivy.graphics.instructions.InstructionGroup.build
2026-10-02 00:47:00 | WARNING  | kivy | stderr:   File "kivy\\graphics\\compiler.pyx", line 143, in kivy.graphics.compiler.GraphicsCompiler.compile
2026-10-02 00:47:00 | WARNING  | kivy | stderr:   File "kivy\\graphics\\instructions.pyx", line 654, in kivy.graphics.instructions.Canvas.apply
2026-10-02 00:47:00 | WARNING  | kivy | stderr:   File "kivy\\graphics\\instructions.pyx", line 167, in kivy.graphics.instructions.InstructionGroup.apply
2026-10-02 00:47:00 | WARNING  | kivy | stderr:   File "kivy\\graphics\\instructions.pyx", line 181, in kivy.graphics.instructions.InstructionGroup.build
2026-10-02 00:47:00 | WARNING  | kivy | stderr:   File "kivy\\graphics\\compiler.pyx", line 143, in kivy.graphics.compiler.GraphicsCompiler.compile
2026-10-02 00:47:00 | WARNING  | kivy | stderr:   File "kivy\\graphics\\instructions.pyx", line 654, in kivy.graphics.instructions.Canvas.apply
2026-10-02 00:47:00 | WARNING  | kivy | stderr:   File "kivy\\graphics\\instructions.pyx", line 167, in kivy.graphics.instructions.InstructionGroup.apply
2026-10-02 00:47:00 | WARNING  | kivy | stderr:   File "kivy\\graphics\\instructions.pyx", line 181, in kivy.graphics.instructions.InstructionGroup.build
2026-10-02 00:47:00 | WARNING  | kivy | stderr:   File "kivy\\graphics\\compiler.pyx", line 143, in kivy.graphics.compiler.GraphicsCompiler.compile
2026-10-02 00:47:00 | WARNING  | kivy | stderr:   File "kivy\\graphics\\instructions.pyx", line 654, in kivy.graphics.instructions.Canvas.apply
2026-10-02 00:47:00 | WARNING  | kivy | stderr:   File "kivy\\graphics\\instructions.pyx", line 167, in kivy.graphics.instructions.InstructionGroup.apply
2026-10-02 00:47:00 | WARNING  | kivy | stderr:   File "kivy\\graphics\\instructions.pyx", line 181, in kivy.graphics.instructions.InstructionGroup.build
2026-10-02 00:47:00 | WARNING  | kivy | stderr:   File "kivy\\graphics\\compiler.pyx", line 143, in kivy.graphics.compiler.GraphicsCompiler.compile
2026-10-02 00:47:00 | WARNING  | kivy | stderr:   File "kivy\\graphics\\instructions.pyx", line 506, in kivy.graphics.instructions.Callback.apply
2026-10-02 00:47:00 | WARNING  | kivy | stderr:   File "d:\Program\cad4\core\gl_engine.py", line 375, in _draw_gl
2026-10-02 00:47:00 | WARNING  | kivy | stderr:     glViewport(0, 0, w, h)
2026-10-02 00:47:00 | WARNING  | kivy | stderr:   File "C:\Users\ahmet\AppData\Local\Programs\Python\Python312\Lib\site-packages\OpenGL\error.py", line 230, in glCheckError
2026-10-02 00:47:00 | WARNING  | kivy | stderr:     raise self._errorClass(
2026-10-02 00:47:00 | WARNING  | kivy | stderr: OpenGL.error.GLError: GLError(
2026-10-02 00:47:00 | WARNING  | kivy | stderr: 	err = 1282,
2026-10-02 00:47:00 | WARNING  | kivy | stderr: 	description = b'invalid operation',
2026-10-02 00:47:00 | WARNING  | kivy | stderr: 	baseOperation = glViewport,
2026-10-02 00:47:00 | WARNING  | kivy | stderr: 	cArguments = (0, 0, 953, 677)
2026-10-02 00:47:00 | WARNING  | kivy | stderr: )
2026-10-02 00:50:10 | WARNING  | kivy | stderr: Exception ignored on calling ctypes callback function: <bound method WM_PenProvider._pen_wndProc of <kivy.input.providers.wm_pen.WM_PenProvider object at 0x0000021DCD354E30>>
2026-10-02 00:50:10 | WARNING  | kivy | stderr: Traceback (most recent call last):
2026-10-02 00:50:10 | WARNING  | kivy | stderr:   File "C:\Users\ahmet\AppData\Local\Programs\Python\Python312\Lib\site-packages\kivy\input\providers\wm_pen.py", line 78, in _pen_wndProc
2026-10-02 00:50:10 | WARNING  | kivy | stderr:     if self._is_pen_message(msg):
2026-10-02 00:50:10 | WARNING  | kivy | stderr:        ^^^^^^^^^^^^^^^^^^^^^^^^^
2026-10-02 00:50:10 | WARNING  | kivy | stderr:   File "C:\Users\ahmet\AppData\Local\Programs\Python\Python312\Lib\site-packages\kivy\input\providers\wm_pen.py", line 49, in _is_pen_message
2026-10-02 00:50:10 | WARNING  | kivy | stderr:     info = windll.user32.GetMessageExtraInfo()
2026-10-02 00:50:10 | WARNING  | kivy | stderr:            ^^^^^^^^^^^^^^^^^^^^^^^^^^^^^^^^^^^
2026-10-02 00:50:10 | WARNING  | kivy | stderr: SystemError: <_FuncPtr object at 0x0000021DB529EDD0> returned a result with an exception set
2026-10-02 00:50:10 | WARNING  | kivy | stderr: Traceback (most recent call last):
2026-10-02 00:50:10 | WARNING  | kivy | stderr:   File "d:\Program\cad4\main.py", line 314, in <module>
2026-10-02 00:50:10 | WARNING  | kivy | stderr:     CADApp().run()
2026-10-02 00:50:10 | WARNING  | kivy | stderr:   File "C:\Users\ahmet\AppData\Local\Programs\Python\Python312\Lib\site-packages\kivy\app.py", line 956, in run
2026-10-02 00:50:10 | WARNING  | kivy | stderr:     runTouchApp()
2026-10-02 00:50:10 | WARNING  | kivy | stderr:   File "C:\Users\ahmet\AppData\Local\Programs\Python\Python312\Lib\site-packages\kivy\base.py", line 574, in runTouchApp
2026-10-02 00:50:10 | WARNING  | kivy | stderr:     EventLoop.mainloop()
2026-10-02 00:50:10 | WARNING  | kivy | stderr:   File "C:\Users\ahmet\AppData\Local\Programs\Python\Python312\Lib\site-packages\kivy\base.py", line 339, in mainloop
2026-10-02 00:50:10 | WARNING  | kivy | stderr:     self.idle()
2026-10-02 00:50:10 | WARNING  | kivy | stderr:   File "C:\Users\ahmet\AppData\Local\Programs\Python\Python312\Lib\site-packages\kivy\base.py", line 400, in idle
2026-10-02 00:50:10 | WARNING  | kivy | stderr:     window.dispatch('on_draw')
2026-10-02 00:50:10 | WARNING  | kivy | stderr:   File "kivy\\_event.pyx", line 731, in kivy._event.EventDispatcher.dispatch
2026-10-02 00:50:10 | WARNING  | kivy | stderr:   File "C:\Users\ahmet\AppData\Local\Programs\Python\Python312\Lib\site-packages\kivy\core\window\__init__.py", line 1676, in on_draw
2026-10-02 00:50:10 | WARNING  | kivy | stderr:     self.render_context.draw()
2026-10-02 00:50:10 | WARNING  | kivy | stderr:   File "kivy\\graphics\\instructions.pyx", line 640, in kivy.graphics.instructions.Canvas.draw
2026-10-02 00:50:10 | WARNING  | kivy | stderr:   File "kivy\\graphics\\instructions.pyx", line 643, in kivy.graphics.instructions.Canvas.draw
2026-10-02 00:50:10 | WARNING  | kivy | stderr:   File "kivy\\graphics\\instructions.pyx", line 917, in kivy.graphics.instructions.RenderContext.apply
2026-10-02 00:50:10 | WARNING  | kivy | stderr:   File "kivy\\graphics\\instructions.pyx", line 654, in kivy.graphics.instructions.Canvas.apply
2026-10-02 00:50:10 | WARNING  | kivy | stderr:   File "kivy\\graphics\\instructions.pyx", line 167, in kivy.graphics.instructions.InstructionGroup.apply
2026-10-02 00:50:10 | WARNING  | kivy | stderr:   File "kivy\\graphics\\instructions.pyx", line 181, in kivy.graphics.instructions.InstructionGroup.build
2026-10-02 00:50:10 | WARNING  | kivy | stderr:   File "kivy\\graphics\\compiler.pyx", line 143, in kivy.graphics.compiler.GraphicsCompiler.compile
2026-10-02 00:50:10 | WARNING  | kivy | stderr:   File "kivy\\graphics\\instructions.pyx", line 654, in kivy.graphics.instructions.Canvas.apply
2026-10-02 00:50:10 | WARNING  | kivy | stderr:   File "kivy\\graphics\\instructions.pyx", line 167, in kivy.graphics.instructions.InstructionGroup.apply
2026-10-02 00:50:10 | WARNING  | kivy | stderr:   File "kivy\\graphics\\instructions.pyx", line 181, in kivy.graphics.instructions.InstructionGroup.build
2026-10-02 00:50:10 | WARNING  | kivy | stderr:   File "kivy\\graphics\\compiler.pyx", line 143, in kivy.graphics.compiler.GraphicsCompiler.compile
2026-10-02 00:50:10 | WARNING  | kivy | stderr:   File "kivy\\graphics\\instructions.pyx", line 654, in kivy.graphics.instructions.Canvas.apply
2026-10-02 00:50:10 | WARNING  | kivy | stderr:   File "kivy\\graphics\\instructions.pyx", line 167, in kivy.graphics.instructions.InstructionGroup.apply
2026-10-02 00:50:10 | WARNING  | kivy | stderr:   File "kivy\\graphics\\instructions.pyx", line 181, in kivy.graphics.instructions.InstructionGroup.build
2026-10-02 00:50:10 | WARNING  | kivy | stderr:   File "kivy\\graphics\\compiler.pyx", line 143, in kivy.graphics.compiler.GraphicsCompiler.compile
2026-10-02 00:50:10 | WARNING  | kivy | stderr:   File "kivy\\graphics\\instructions.pyx", line 654, in kivy.graphics.instructions.Canvas.apply
2026-10-02 00:50:10 | WARNING  | kivy | stderr:   File "kivy\\graphics\\instructions.pyx", line 167, in kivy.graphics.instructions.InstructionGroup.apply
2026-10-02 00:50:10 | WARNING  | kivy | stderr:   File "kivy\\graphics\\instructions.pyx", line 181, in kivy.graphics.instructions.InstructionGroup.build
2026-10-02 00:50:10 | WARNING  | kivy | stderr:   File "kivy\\graphics\\compiler.pyx", line 143, in kivy.graphics.compiler.GraphicsCompiler.compile
2026-10-02 00:50:10 | WARNING  | kivy | stderr:   File "kivy\\graphics\\instructions.pyx", line 506, in kivy.graphics.instructions.Callback.apply
2026-10-02 00:50:10 | WARNING  | kivy | stderr:   File "d:\Program\cad4\core\gl_engine.py", line 375, in _draw_gl
2026-10-02 00:50:10 | WARNING  | kivy | stderr:     glViewport(0, 0, w, h)
2026-10-02 00:50:10 | WARNING  | kivy | stderr:   File "C:\Users\ahmet\AppData\Local\Programs\Python\Python312\Lib\site-packages\OpenGL\error.py", line 230, in glCheckError
2026-10-02 00:50:10 | WARNING  | kivy | stderr:     raise self._errorClass(
2026-10-02 00:50:10 | WARNING  | kivy | stderr: OpenGL.error.GLError: GLError(
2026-10-02 00:50:10 | WARNING  | kivy | stderr: 	err = 1282,
2026-10-02 00:50:10 | WARNING  | kivy | stderr: 	description = b'invalid operation',
2026-10-02 00:50:10 | WARNING  | kivy | stderr: 	baseOperation = glViewport,
2026-10-02 00:50:10 | WARNING  | kivy | stderr: 	cArguments = (0, 0, 1304, 822)
2026-10-02 00:50:10 | WARNING  | kivy | stderr: )
2026-10-02 00:55:50 | WARNING  | kivy | stderr: Traceback (most recent call last):
2026-10-02 00:55:50 | WARNING  | kivy | stderr:   File "d:\Program\cad4\main.py", line 314, in <module>
2026-10-02 00:55:50 | WARNING  | kivy | stderr:     CADApp().run()
2026-10-02 00:55:50 | WARNING  | kivy | stderr:   File "C:\Users\ahmet\AppData\Local\Programs\Python\Python312\Lib\site-packages\kivy\app.py", line 956, in run
2026-10-02 00:55:50 | WARNING  | kivy | stderr:     runTouchApp()
2026-10-02 00:55:50 | WARNING  | kivy | stderr:   File "C:\Users\ahmet\AppData\Local\Programs\Python\Python312\Lib\site-packages\kivy\base.py", line 574, in runTouchApp
2026-10-02 00:55:50 | WARNING  | kivy | stderr:     EventLoop.mainloop()
2026-10-02 00:55:50 | WARNING  | kivy | stderr:   File "C:\Users\ahmet\AppData\Local\Programs\Python\Python312\Lib\site-packages\kivy\base.py", line 339, in mainloop
2026-10-02 00:55:50 | WARNING  | kivy | stderr:     self.idle()
2026-10-02 00:55:50 | WARNING  | kivy | stderr:   File "C:\Users\ahmet\AppData\Local\Programs\Python\Python312\Lib\site-packages\kivy\base.py", line 400, in idle
2026-10-02 00:55:50 | WARNING  | kivy | stderr:     window.dispatch('on_draw')
2026-10-02 00:55:50 | WARNING  | kivy | stderr:   File "kivy\\_event.pyx", line 731, in kivy._event.EventDispatcher.dispatch
2026-10-02 00:55:50 | WARNING  | kivy | stderr:   File "C:\Users\ahmet\AppData\Local\Programs\Python\Python312\Lib\site-packages\kivy\core\window\__init__.py", line 1676, in on_draw
2026-10-02 00:55:50 | WARNING  | kivy | stderr:     self.render_context.draw()
2026-10-02 00:55:50 | WARNING  | kivy | stderr:   File "kivy\\graphics\\instructions.pyx", line 640, in kivy.graphics.instructions.Canvas.draw
2026-10-02 00:55:50 | WARNING  | kivy | stderr:   File "kivy\\graphics\\instructions.pyx", line 643, in kivy.graphics.instructions.Canvas.draw
2026-10-02 00:55:50 | WARNING  | kivy | stderr:   File "kivy\\graphics\\instructions.pyx", line 917, in kivy.graphics.instructions.RenderContext.apply
2026-10-02 00:55:50 | WARNING  | kivy | stderr:   File "kivy\\graphics\\instructions.pyx", line 654, in kivy.graphics.instructions.Canvas.apply
2026-10-02 00:55:50 | WARNING  | kivy | stderr:   File "kivy\\graphics\\instructions.pyx", line 167, in kivy.graphics.instructions.InstructionGroup.apply
2026-10-02 00:55:50 | WARNING  | kivy | stderr:   File "kivy\\graphics\\instructions.pyx", line 181, in kivy.graphics.instructions.InstructionGroup.build
2026-10-02 00:55:50 | WARNING  | kivy | stderr:   File "kivy\\graphics\\compiler.pyx", line 143, in kivy.graphics.compiler.GraphicsCompiler.compile
2026-10-02 00:55:50 | WARNING  | kivy | stderr:   File "kivy\\graphics\\instructions.pyx", line 654, in kivy.graphics.instructions.Canvas.apply
2026-10-02 00:55:50 | WARNING  | kivy | stderr:   File "kivy\\graphics\\instructions.pyx", line 167, in kivy.graphics.instructions.InstructionGroup.apply
2026-10-02 00:55:50 | WARNING  | kivy | stderr:   File "kivy\\graphics\\instructions.pyx", line 181, in kivy.graphics.instructions.InstructionGroup.build
2026-10-02 00:55:50 | WARNING  | kivy | stderr:   File "kivy\\graphics\\compiler.pyx", line 143, in kivy.graphics.compiler.GraphicsCompiler.compile
2026-10-02 00:55:50 | WARNING  | kivy | stderr:   File "kivy\\graphics\\instructions.pyx", line 654, in kivy.graphics.instructions.Canvas.apply
2026-10-02 00:55:50 | WARNING  | kivy | stderr:   File "kivy\\graphics\\instructions.pyx", line 167, in kivy.graphics.instructions.InstructionGroup.apply
2026-10-02 00:55:50 | WARNING  | kivy | stderr:   File "kivy\\graphics\\instructions.pyx", line 181, in kivy.graphics.instructions.InstructionGroup.build
2026-10-02 00:55:50 | WARNING  | kivy | stderr:   File "kivy\\graphics\\compiler.pyx", line 143, in kivy.graphics.compiler.GraphicsCompiler.compile
2026-10-02 00:55:50 | WARNING  | kivy | stderr:   File "kivy\\graphics\\instructions.pyx", line 654, in kivy.graphics.instructions.Canvas.apply
2026-10-02 00:55:50 | WARNING  | kivy | stderr:   File "kivy\\graphics\\instructions.pyx", line 167, in kivy.graphics.instructions.InstructionGroup.apply
2026-10-02 00:55:50 | WARNING  | kivy | stderr:   File "kivy\\graphics\\instructions.pyx", line 181, in kivy.graphics.instructions.InstructionGroup.build
2026-10-02 00:55:50 | WARNING  | kivy | stderr:   File "kivy\\graphics\\compiler.pyx", line 143, in kivy.graphics.compiler.GraphicsCompiler.compile
2026-10-02 00:55:50 | WARNING  | kivy | stderr:   File "kivy\\graphics\\instructions.pyx", line 506, in kivy.graphics.instructions.Callback.apply
2026-10-02 00:55:50 | WARNING  | kivy | stderr:   File "d:\Program\cad4\core\gl_engine.py", line 376, in _draw_gl
2026-10-02 00:55:50 | WARNING  | kivy | stderr:     glBindFramebuffer(GL_FRAMEBUFFER, self.fbo.fbo)
2026-10-02 00:55:50 | WARNING  | kivy | stderr:                                       ^^^^^^^^^^^^
2026-10-02 00:55:50 | WARNING  | kivy | stderr: AttributeError: 'kivy.graphics.fbo.Fbo' object has no attribute 'fbo'
2026-10-02 00:56:13 | WARNING  | kivy | stderr: Traceback (most recent call last):
2026-10-02 00:56:13 | WARNING  | kivy | stderr:   File "d:\Program\cad4\main.py", line 314, in <module>
2026-10-02 00:56:13 | WARNING  | kivy | stderr:     CADApp().run()
2026-10-02 00:56:13 | WARNING  | kivy | stderr:   File "C:\Users\ahmet\AppData\Local\Programs\Python\Python312\Lib\site-packages\kivy\app.py", line 956, in run
2026-10-02 00:56:13 | WARNING  | kivy | stderr:     runTouchApp()
2026-10-02 00:56:13 | WARNING  | kivy | stderr:   File "C:\Users\ahmet\AppData\Local\Programs\Python\Python312\Lib\site-packages\kivy\base.py", line 574, in runTouchApp
2026-10-02 00:56:13 | WARNING  | kivy | stderr:     EventLoop.mainloop()
2026-10-02 00:56:13 | WARNING  | kivy | stderr:   File "C:\Users\ahmet\AppData\Local\Programs\Python\Python312\Lib\site-packages\kivy\base.py", line 339, in mainloop
2026-10-02 00:56:13 | WARNING  | kivy | stderr:     self.idle()
2026-10-02 00:56:13 | WARNING  | kivy | stderr:   File "C:\Users\ahmet\AppData\Local\Programs\Python\Python312\Lib\site-packages\kivy\base.py", line 400, in idle
2026-10-02 00:56:13 | WARNING  | kivy | stderr:     window.dispatch('on_draw')
2026-10-02 00:56:13 | WARNING  | kivy | stderr:   File "kivy\\_event.pyx", line 731, in kivy._event.EventDispatcher.dispatch
2026-10-02 00:56:13 | WARNING  | kivy | stderr:   File "C:\Users\ahmet\AppData\Local\Programs\Python\Python312\Lib\site-packages\kivy\core\window\__init__.py", line 1676, in on_draw
2026-10-02 00:56:13 | WARNING  | kivy | stderr:     self.render_context.draw()
2026-10-02 00:56:13 | WARNING  | kivy | stderr:   File "kivy\\graphics\\instructions.pyx", line 640, in kivy.graphics.instructions.Canvas.draw
2026-10-02 00:56:13 | WARNING  | kivy | stderr:   File "kivy\\graphics\\instructions.pyx", line 643, in kivy.graphics.instructions.Canvas.draw
2026-10-02 00:56:13 | WARNING  | kivy | stderr:   File "kivy\\graphics\\instructions.pyx", line 917, in kivy.graphics.instructions.RenderContext.apply
2026-10-02 00:56:13 | WARNING  | kivy | stderr:   File "kivy\\graphics\\instructions.pyx", line 654, in kivy.graphics.instructions.Canvas.apply
2026-10-02 00:56:13 | WARNING  | kivy | stderr:   File "kivy\\graphics\\instructions.pyx", line 167, in kivy.graphics.instructions.InstructionGroup.apply
2026-10-02 00:56:13 | WARNING  | kivy | stderr:   File "kivy\\graphics\\instructions.pyx", line 181, in kivy.graphics.instructions.InstructionGroup.build
2026-10-02 00:56:13 | WARNING  | kivy | stderr:   File "kivy\\graphics\\compiler.pyx", line 143, in kivy.graphics.compiler.GraphicsCompiler.compile
2026-10-02 00:56:13 | WARNING  | kivy | stderr:   File "kivy\\graphics\\instructions.pyx", line 654, in kivy.graphics.instructions.Canvas.apply
2026-10-02 00:56:13 | WARNING  | kivy | stderr:   File "kivy\\graphics\\instructions.pyx", line 167, in kivy.graphics.instructions.InstructionGroup.apply
2026-10-02 00:56:13 | WARNING  | kivy | stderr:   File "kivy\\graphics\\instructions.pyx", line 181, in kivy.graphics.instructions.InstructionGroup.build
2026-10-02 00:56:13 | WARNING  | kivy | stderr:   File "kivy\\graphics\\compiler.pyx", line 143, in kivy.graphics.compiler.GraphicsCompiler.compile
2026-10-02 00:56:13 | WARNING  | kivy | stderr:   File "kivy\\graphics\\instructions.pyx", line 654, in kivy.graphics.instructions.Canvas.apply
2026-10-02 00:56:13 | WARNING  | kivy | stderr:   File "kivy\\graphics\\instructions.pyx", line 167, in kivy.graphics.instructions.InstructionGroup.apply
2026-10-02 00:56:13 | WARNING  | kivy | stderr:   File "kivy\\graphics\\instructions.pyx", line 181, in kivy.graphics.instructions.InstructionGroup.build
2026-10-02 00:56:13 | WARNING  | kivy | stderr:   File "kivy\\graphics\\compiler.pyx", line 143, in kivy.graphics.compiler.GraphicsCompiler.compile
2026-10-02 00:56:13 | WARNING  | kivy | stderr:   File "kivy\\graphics\\instructions.pyx", line 654, in kivy.graphics.instructions.Canvas.apply
2026-10-02 00:56:13 | WARNING  | kivy | stderr:   File "kivy\\graphics\\instructions.pyx", line 167, in kivy.graphics.instructions.InstructionGroup.apply
2026-10-02 00:56:13 | WARNING  | kivy | stderr:   File "kivy\\graphics\\instructions.pyx", line 181, in kivy.graphics.instructions.InstructionGroup.build
2026-10-02 00:56:13 | WARNING  | kivy | stderr:   File "kivy\\graphics\\compiler.pyx", line 143, in kivy.graphics.compiler.GraphicsCompiler.compile
2026-10-02 00:56:13 | WARNING  | kivy | stderr:   File "kivy\\graphics\\instructions.pyx", line 506, in kivy.graphics.instructions.Callback.apply
2026-10-02 00:56:13 | WARNING  | kivy | stderr:   File "d:\Program\cad4\core\gl_engine.py", line 376, in _draw_gl
2026-10-02 00:56:13 | WARNING  | kivy | stderr:     glBindFramebuffer(GL_FRAMEBUFFER, self.fbo)
2026-10-02 00:56:13 | WARNING  | kivy | stderr: ctypes.ArgumentError: argument 2: TypeError: 'kivy.graphics.fbo.Fbo' object cannot be interpreted as an integer
2026-10-02 00:58:28 | WARNING  | kivy | stderr: Traceback (most recent call last):
2026-10-02 00:58:28 | WARNING  | kivy | stderr:   File "d:\Program\cad4\main.py", line 314, in <module>
2026-10-02 00:58:28 | WARNING  | kivy | stderr:     CADApp().run()
2026-10-02 00:58:28 | WARNING  | kivy | stderr:   File "C:\Users\ahmet\AppData\Local\Programs\Python\Python312\Lib\site-packages\kivy\app.py", line 956, in run
2026-10-02 00:58:28 | WARNING  | kivy | stderr:     runTouchApp()
2026-10-02 00:58:28 | WARNING  | kivy | stderr:   File "C:\Users\ahmet\AppData\Local\Programs\Python\Python312\Lib\site-packages\kivy\base.py", line 574, in runTouchApp
2026-10-02 00:58:28 | WARNING  | kivy | stderr:     EventLoop.mainloop()
2026-10-02 00:58:28 | WARNING  | kivy | stderr:   File "C:\Users\ahmet\AppData\Local\Programs\Python\Python312\Lib\site-packages\kivy\base.py", line 339, in mainloop
2026-10-02 00:58:28 | WARNING  | kivy | stderr:     self.idle()
2026-10-02 00:58:28 | WARNING  | kivy | stderr:   File "C:\Users\ahmet\AppData\Local\Programs\Python\Python312\Lib\site-packages\kivy\base.py", line 400, in idle
2026-10-02 00:58:28 | WARNING  | kivy | stderr:     window.dispatch('on_draw')
2026-10-02 00:58:28 | WARNING  | kivy | stderr:   File "kivy\\_event.pyx", line 731, in kivy._event.EventDispatcher.dispatch
2026-10-02 00:58:28 | WARNING  | kivy | stderr:   File "C:\Users\ahmet\AppData\Local\Programs\Python\Python312\Lib\site-packages\kivy\core\window\__init__.py", line 1676, in on_draw
2026-10-02 00:58:28 | WARNING  | kivy | stderr:     self.render_context.draw()
2026-10-02 00:58:28 | WARNING  | kivy | stderr:   File "kivy\\graphics\\instructions.pyx", line 640, in kivy.graphics.instructions.Canvas.draw
2026-10-02 00:58:28 | WARNING  | kivy | stderr:   File "kivy\\graphics\\instructions.pyx", line 643, in kivy.graphics.instructions.Canvas.draw
2026-10-02 00:58:28 | WARNING  | kivy | stderr:   File "kivy\\graphics\\instructions.pyx", line 917, in kivy.graphics.instructions.RenderContext.apply
2026-10-02 00:58:28 | WARNING  | kivy | stderr:   File "kivy\\graphics\\instructions.pyx", line 654, in kivy.graphics.instructions.Canvas.apply
2026-10-02 00:58:28 | WARNING  | kivy | stderr:   File "kivy\\graphics\\instructions.pyx", line 167, in kivy.graphics.instructions.InstructionGroup.apply
2026-10-02 00:58:28 | WARNING  | kivy | stderr:   File "kivy\\graphics\\instructions.pyx", line 181, in kivy.graphics.instructions.InstructionGroup.build
2026-10-02 00:58:28 | WARNING  | kivy | stderr:   File "kivy\\graphics\\compiler.pyx", line 143, in kivy.graphics.compiler.GraphicsCompiler.compile
2026-10-02 00:58:28 | WARNING  | kivy | stderr:   File "kivy\\graphics\\instructions.pyx", line 654, in kivy.graphics.instructions.Canvas.apply
2026-10-02 00:58:28 | WARNING  | kivy | stderr:   File "kivy\\graphics\\instructions.pyx", line 167, in kivy.graphics.instructions.InstructionGroup.apply
2026-10-02 00:58:28 | WARNING  | kivy | stderr:   File "kivy\\graphics\\instructions.pyx", line 181, in kivy.graphics.instructions.InstructionGroup.build
2026-10-02 00:58:28 | WARNING  | kivy | stderr:   File "kivy\\graphics\\compiler.pyx", line 143, in kivy.graphics.compiler.GraphicsCompiler.compile
2026-10-02 00:58:28 | WARNING  | kivy | stderr:   File "kivy\\graphics\\instructions.pyx", line 654, in kivy.graphics.instructions.Canvas.apply
2026-10-02 00:58:28 | WARNING  | kivy | stderr:   File "kivy\\graphics\\instructions.pyx", line 167, in kivy.graphics.instructions.InstructionGroup.apply
2026-10-02 00:58:28 | WARNING  | kivy | stderr:   File "kivy\\graphics\\instructions.pyx", line 181, in kivy.graphics.instructions.InstructionGroup.build
2026-10-02 00:58:28 | WARNING  | kivy | stderr:   File "kivy\\graphics\\compiler.pyx", line 143, in kivy.graphics.compiler.GraphicsCompiler.compile
2026-10-02 00:58:28 | WARNING  | kivy | stderr:   File "kivy\\graphics\\instructions.pyx", line 654, in kivy.graphics.instructions.Canvas.apply
2026-10-02 00:58:28 | WARNING  | kivy | stderr:   File "kivy\\graphics\\instructions.pyx", line 167, in kivy.graphics.instructions.InstructionGroup.apply
2026-10-02 00:58:28 | WARNING  | kivy | stderr:   File "kivy\\graphics\\instructions.pyx", line 181, in kivy.graphics.instructions.InstructionGroup.build
2026-10-02 00:58:28 | WARNING  | kivy | stderr:   File "kivy\\graphics\\compiler.pyx", line 143, in kivy.graphics.compiler.GraphicsCompiler.compile
2026-10-02 00:58:28 | WARNING  | kivy | stderr:   File "kivy\\graphics\\instructions.pyx", line 506, in kivy.graphics.instructions.Callback.apply
2026-10-02 00:58:28 | WARNING  | kivy | stderr:   File "d:\Program\cad4\core\gl_engine.py", line 377, in _draw_gl
2026-10-02 00:58:28 | WARNING  | kivy | stderr:     glBindFramebuffer(GL_FRAMEBUFFER, self.fbo)
2026-10-02 00:58:28 | WARNING  | kivy | stderr: ctypes.ArgumentError: argument 2: TypeError: 'kivy.graphics.fbo.Fbo' object cannot be interpreted as an integer
2026-10-02 01:28:48 | WARNING  | kivy | stderr: Traceback (most recent call last):
2026-10-02 01:28:48 | WARNING  | kivy | stderr:   File "d:\Program\cad4\main.py", line 331, in <module>
2026-10-02 01:28:48 | WARNING  | kivy | stderr:     CADApp().run()
2026-10-02 01:28:48 | WARNING  | kivy | stderr:   File "C:\Users\ahmet\AppData\Local\Programs\Python\Python312\Lib\site-packages\kivy\app.py", line 955, in run
2026-10-02 01:28:48 | WARNING  | kivy | stderr:     self._run_prepare()
2026-10-02 01:28:48 | WARNING  | kivy | stderr:   File "C:\Users\ahmet\AppData\Local\Programs\Python\Python312\Lib\site-packages\kivy\app.py", line 925, in _run_prepare
2026-10-02 01:28:48 | WARNING  | kivy | stderr:     root = self.build()
2026-10-02 01:28:48 | WARNING  | kivy | stderr:            ^^^^^^^^^^^^
2026-10-02 01:28:48 | WARNING  | kivy | stderr:   File "d:\Program\cad4\main.py", line 98, in build
2026-10-02 01:28:48 | WARNING  | kivy | stderr:     self.properties = PropertiesPanel(
2026-10-02 01:28:48 | WARNING  | kivy | stderr:                       ^^^^^^^^^^^^^^^^
2026-10-02 01:28:48 | WARNING  | kivy | stderr:   File "d:\Program\cad4\ui\prop_panel.py", line 36, in __init__
2026-10-02 01:28:48 | WARNING  | kivy | stderr:     self._build_ui()
2026-10-02 01:28:48 | WARNING  | kivy | stderr:   File "d:\Program\cad4\ui\prop_panel.py", line 60, in _build_ui
2026-10-02 01:28:48 | WARNING  | kivy | stderr:     close_btn = Button(
2026-10-02 01:28:48 | WARNING  | kivy | stderr:                 ^^^^^^
2026-10-02 01:28:48 | WARNING  | kivy | stderr: NameError: name 'Button' is not defined
2026-10-02 01:30:11 | WARNING  | kivy | stderr: Traceback (most recent call last):
2026-10-02 01:30:11 | WARNING  | kivy | stderr:   File "d:\Program\cad4\main.py", line 44, in <module>
2026-10-02 01:30:11 | WARNING  | kivy | stderr:     from ui.prop_panel import PropertiesPanel
2026-10-02 01:30:11 | WARNING  | kivy | stderr:   File "d:\Program\cad4\ui\prop_panel.py", line 5, in <module>
2026-10-02 01:30:11 | WARNING  | kivy | stderr:     from kivy.uix.scrollview import Button, ScrollView
2026-10-02 01:30:11 | WARNING  | kivy | stderr: ImportError: cannot import name 'Button' from 'kivy.uix.scrollview' (C:\Users\ahmet\AppData\Local\Programs\Python\Python312\Lib\site-packages\kivy\uix\scrollview.py)
2026-10-02 01:39:40 | WARNING  | kivy | stderr: Traceback (most recent call last):
2026-10-02 01:39:40 | WARNING  | kivy | stderr:   File "d:\Program\cad4\main.py", line 331, in <module>
2026-10-02 01:39:40 | WARNING  | kivy | stderr:     CADApp().run()
2026-10-02 01:39:40 | WARNING  | kivy | stderr:   File "C:\Users\ahmet\AppData\Local\Programs\Python\Python312\Lib\site-packages\kivy\app.py", line 956, in run
2026-10-02 01:39:40 | WARNING  | kivy | stderr:     runTouchApp()
2026-10-02 01:39:40 | WARNING  | kivy | stderr:   File "C:\Users\ahmet\AppData\Local\Programs\Python\Python312\Lib\site-packages\kivy\base.py", line 574, in runTouchApp
2026-10-02 01:39:40 | WARNING  | kivy | stderr:     EventLoop.mainloop()
2026-10-02 01:39:40 | WARNING  | kivy | stderr:   File "C:\Users\ahmet\AppData\Local\Programs\Python\Python312\Lib\site-packages\kivy\base.py", line 339, in mainloop
2026-10-02 01:39:40 | WARNING  | kivy | stderr:     self.idle()
2026-10-02 01:39:40 | WARNING  | kivy | stderr:   File "C:\Users\ahmet\AppData\Local\Programs\Python\Python312\Lib\site-packages\kivy\base.py", line 383, in idle
2026-10-02 01:39:40 | WARNING  | kivy | stderr:     self.dispatch_input()
2026-10-02 01:39:40 | WARNING  | kivy | stderr:   File "C:\Users\ahmet\AppData\Local\Programs\Python\Python312\Lib\site-packages\kivy\base.py", line 334, in dispatch_input
2026-10-02 01:39:40 | WARNING  | kivy | stderr:     post_dispatch_input(*pop(0))
2026-10-02 01:39:40 | WARNING  | kivy | stderr:   File "C:\Users\ahmet\AppData\Local\Programs\Python\Python312\Lib\site-packages\kivy\base.py", line 263, in post_dispatch_input
2026-10-02 01:39:40 | WARNING  | kivy | stderr:     listener.dispatch('on_motion', etype, me)
2026-10-02 01:39:40 | WARNING  | kivy | stderr:   File "kivy\\_event.pyx", line 731, in kivy._event.EventDispatcher.dispatch
2026-10-02 01:39:40 | WARNING  | kivy | stderr:   File "C:\Users\ahmet\AppData\Local\Programs\Python\Python312\Lib\site-packages\kivy\core\window\__init__.py", line 1709, in on_motion
2026-10-02 01:39:40 | WARNING  | kivy | stderr:     self.dispatch('on_touch_down', me)
2026-10-02 01:39:40 | WARNING  | kivy | stderr:   File "kivy\\_event.pyx", line 731, in kivy._event.EventDispatcher.dispatch
2026-10-02 01:39:40 | WARNING  | kivy | stderr:   File "C:\Users\ahmet\AppData\Local\Programs\Python\Python312\Lib\site-packages\kivy\core\window\__init__.py", line 1726, in on_touch_down
2026-10-02 01:39:40 | WARNING  | kivy | stderr:     if w.dispatch('on_touch_down', touch):
2026-10-02 01:39:40 | WARNING  | kivy | stderr:        ^^^^^^^^^^^^^^^^^^^^^^^^^^^^^^^^^^
2026-10-02 01:39:40 | WARNING  | kivy | stderr:   File "kivy\\_event.pyx", line 731, in kivy._event.EventDispatcher.dispatch
2026-10-02 01:39:40 | WARNING  | kivy | stderr:   File "C:\Users\ahmet\AppData\Local\Programs\Python\Python312\Lib\site-packages\kivy\uix\widget.py", line 589, in on_touch_down
2026-10-02 01:39:40 | WARNING  | kivy | stderr:     if child.dispatch('on_touch_down', touch):
2026-10-02 01:39:40 | WARNING  | kivy | stderr:        ^^^^^^^^^^^^^^^^^^^^^^^^^^^^^^^^^^^^^^
2026-10-02 01:39:40 | WARNING  | kivy | stderr:   File "kivy\\_event.pyx", line 731, in kivy._event.EventDispatcher.dispatch
2026-10-02 01:39:40 | WARNING  | kivy | stderr:   File "d:\Program\cad4\core\gl_engine.py", line 565, in on_touch_down
2026-10-02 01:39:40 | WARNING  | kivy | stderr:     self.properties_panel.show_element(element)
2026-10-02 01:39:40 | WARNING  | kivy | stderr:   File "d:\Program\cad4\ui\prop_panel.py", line 113, in show_element
2026-10-02 01:39:40 | WARNING  | kivy | stderr:     self._refresh_values()
2026-10-02 01:39:40 | WARNING  | kivy | stderr:     ^^^^^^^^^^^^^^^^^^^^
2026-10-02 01:39:40 | WARNING  | kivy | stderr: AttributeError: 'PropertiesPanel' object has no attribute '_refresh_values'
2026-10-02 01:40:07 | WARNING  | kivy | stderr: Traceback (most recent call last):
2026-10-02 01:40:07 | WARNING  | kivy | stderr:   File "d:\Program\cad4\main.py", line 331, in <module>
2026-10-02 01:40:07 | WARNING  | kivy | stderr:     CADApp().run()
2026-10-02 01:40:07 | WARNING  | kivy | stderr:   File "C:\Users\ahmet\AppData\Local\Programs\Python\Python312\Lib\site-packages\kivy\app.py", line 956, in run
2026-10-02 01:40:07 | WARNING  | kivy | stderr:     runTouchApp()
2026-10-02 01:40:07 | WARNING  | kivy | stderr:   File "C:\Users\ahmet\AppData\Local\Programs\Python\Python312\Lib\site-packages\kivy\base.py", line 574, in runTouchApp
2026-10-02 01:40:07 | WARNING  | kivy | stderr:     EventLoop.mainloop()
2026-10-02 01:40:07 | WARNING  | kivy | stderr:   File "C:\Users\ahmet\AppData\Local\Programs\Python\Python312\Lib\site-packages\kivy\base.py", line 339, in mainloop
2026-10-02 01:40:07 | WARNING  | kivy | stderr:     self.idle()
2026-10-02 01:40:07 | WARNING  | kivy | stderr:   File "C:\Users\ahmet\AppData\Local\Programs\Python\Python312\Lib\site-packages\kivy\base.py", line 383, in idle
2026-10-02 01:40:07 | WARNING  | kivy | stderr:     self.dispatch_input()
2026-10-02 01:40:07 | WARNING  | kivy | stderr:   File "C:\Users\ahmet\AppData\Local\Programs\Python\Python312\Lib\site-packages\kivy\base.py", line 334, in dispatch_input
2026-10-02 01:40:07 | WARNING  | kivy | stderr:     post_dispatch_input(*pop(0))
2026-10-02 01:40:07 | WARNING  | kivy | stderr:   File "C:\Users\ahmet\AppData\Local\Programs\Python\Python312\Lib\site-packages\kivy\base.py", line 263, in post_dispatch_input
2026-10-02 01:40:07 | WARNING  | kivy | stderr:     listener.dispatch('on_motion', etype, me)
2026-10-02 01:40:07 | WARNING  | kivy | stderr:   File "kivy\\_event.pyx", line 731, in kivy._event.EventDispatcher.dispatch
2026-10-02 01:40:07 | WARNING  | kivy | stderr:   File "C:\Users\ahmet\AppData\Local\Programs\Python\Python312\Lib\site-packages\kivy\core\window\__init__.py", line 1709, in on_motion
2026-10-02 01:40:07 | WARNING  | kivy | stderr:     self.dispatch('on_touch_down', me)
2026-10-02 01:40:07 | WARNING  | kivy | stderr:   File "kivy\\_event.pyx", line 731, in kivy._event.EventDispatcher.dispatch
2026-10-02 01:40:07 | WARNING  | kivy | stderr:   File "C:\Users\ahmet\AppData\Local\Programs\Python\Python312\Lib\site-packages\kivy\core\window\__init__.py", line 1726, in on_touch_down
2026-10-02 01:40:07 | WARNING  | kivy | stderr:     if w.dispatch('on_touch_down', touch):
2026-10-02 01:40:07 | WARNING  | kivy | stderr:        ^^^^^^^^^^^^^^^^^^^^^^^^^^^^^^^^^^
2026-10-02 01:40:07 | WARNING  | kivy | stderr:   File "kivy\\_event.pyx", line 731, in kivy._event.EventDispatcher.dispatch
2026-10-02 01:40:07 | WARNING  | kivy | stderr:   File "C:\Users\ahmet\AppData\Local\Programs\Python\Python312\Lib\site-packages\kivy\uix\widget.py", line 589, in on_touch_down
2026-10-02 01:40:07 | WARNING  | kivy | stderr:     if child.dispatch('on_touch_down', touch):
2026-10-02 01:40:07 | WARNING  | kivy | stderr:        ^^^^^^^^^^^^^^^^^^^^^^^^^^^^^^^^^^^^^^
2026-10-02 01:40:07 | WARNING  | kivy | stderr:   File "kivy\\_event.pyx", line 731, in kivy._event.EventDispatcher.dispatch
2026-10-02 01:40:07 | WARNING  | kivy | stderr:   File "d:\Program\cad4\core\gl_engine.py", line 565, in on_touch_down
2026-10-02 01:40:07 | WARNING  | kivy | stderr:     self.properties_panel.show_element(element)
2026-10-02 01:40:07 | WARNING  | kivy | stderr:   File "d:\Program\cad4\ui\prop_panel.py", line 113, in show_element
2026-10-02 01:40:07 | WARNING  | kivy | stderr:     self._refresh_values()
2026-10-02 01:40:07 | WARNING  | kivy | stderr:     ^^^^^^^^^^^^^^^^^^^^
2026-10-02 01:40:07 | WARNING  | kivy | stderr: AttributeError: 'PropertiesPanel' object has no attribute '_refresh_values'
2026-10-02 01:50:53 | WARNING  | kivy | stderr: Traceback (most recent call last):
2026-10-02 01:50:53 | WARNING  | kivy | stderr:   File "d:\Program\cad4\main.py", line 331, in <module>
2026-10-02 01:50:53 | WARNING  | kivy | stderr:     CADApp().run()
2026-10-02 01:50:53 | WARNING  | kivy | stderr:   File "C:\Users\ahmet\AppData\Local\Programs\Python\Python312\Lib\site-packages\kivy\app.py", line 956, in run
2026-10-02 01:50:53 | WARNING  | kivy | stderr:     runTouchApp()
2026-10-02 01:50:53 | WARNING  | kivy | stderr:   File "C:\Users\ahmet\AppData\Local\Programs\Python\Python312\Lib\site-packages\kivy\base.py", line 574, in runTouchApp
2026-10-02 01:50:53 | WARNING  | kivy | stderr:     EventLoop.mainloop()
2026-10-02 01:50:53 | WARNING  | kivy | stderr:   File "C:\Users\ahmet\AppData\Local\Programs\Python\Python312\Lib\site-packages\kivy\base.py", line 339, in mainloop
2026-10-02 01:50:53 | WARNING  | kivy | stderr:     self.idle()
2026-10-02 01:50:53 | WARNING  | kivy | stderr:   File "C:\Users\ahmet\AppData\Local\Programs\Python\Python312\Lib\site-packages\kivy\base.py", line 400, in idle
2026-10-02 01:50:53 | WARNING  | kivy | stderr:     window.dispatch('on_draw')
2026-10-02 01:50:53 | WARNING  | kivy | stderr:   File "kivy\\_event.pyx", line 731, in kivy._event.EventDispatcher.dispatch
2026-10-02 01:50:53 | WARNING  | kivy | stderr:   File "C:\Users\ahmet\AppData\Local\Programs\Python\Python312\Lib\site-packages\kivy\core\window\__init__.py", line 1675, in on_draw
2026-10-02 01:50:53 | WARNING  | kivy | stderr:     self.clear()
2026-10-02 01:50:53 | WARNING  | kivy | stderr:   File "C:\Users\ahmet\AppData\Local\Programs\Python\Python312\Lib\site-packages\kivy\core\window\__init__.py", line 1581, in clear
2026-10-02 01:50:53 | WARNING  | kivy | stderr:     gl.glClear(
2026-10-02 01:50:53 | WARNING  | kivy | stderr: KeyboardInterrupt
2026-10-02 01:52:46 | WARNING  | kivy | stderr: Traceback (most recent call last):
2026-10-02 01:52:46 | WARNING  | kivy | stderr:   File "d:\Program\cad4\main.py", line 47, in <module>
2026-10-02 01:52:46 | WARNING  | kivy | stderr:     logger.set_level("cad4.KivyCADWidget", "DEBUG")
2026-10-02 01:52:46 | WARNING  | kivy | stderr:     ^^^^^^^^^^^^^^^^
2026-10-02 01:52:46 | WARNING  | kivy | stderr: AttributeError: 'Logger' object has no attribute 'set_level'. Did you mean: 'setLevel'?
2026-10-02 01:53:37 | WARNING  | kivy | stderr: Traceback (most recent call last):
2026-10-02 01:53:37 | WARNING  | kivy | stderr:   File "d:\Program\cad4\main.py", line 47, in <module>
2026-10-02 01:53:37 | WARNING  | kivy | stderr:     logger.setLevel("cad4.KivyCADWidget", "DEBUG")
2026-10-02 01:53:37 | WARNING  | kivy | stderr: TypeError: Logger.setLevel() takes 2 positional arguments but 3 were given
2026-10-02 02:24:29 | WARNING  | kivy | stderr: Traceback (most recent call last):
2026-10-02 02:24:29 | WARNING  | kivy | stderr:   File "d:\Program\cad4\main.py", line 332, in <module>
2026-10-02 02:24:29 | WARNING  | kivy | stderr:     CADApp().run()
2026-10-02 02:24:29 | WARNING  | kivy | stderr:   File "C:\Users\ahmet\AppData\Local\Programs\Python\Python312\Lib\site-packages\kivy\app.py", line 956, in run
2026-10-02 02:24:29 | WARNING  | kivy | stderr:     runTouchApp()
2026-10-02 02:24:29 | WARNING  | kivy | stderr:   File "C:\Users\ahmet\AppData\Local\Programs\Python\Python312\Lib\site-packages\kivy\base.py", line 574, in runTouchApp
2026-10-02 02:24:29 | WARNING  | kivy | stderr:     EventLoop.mainloop()
2026-10-02 02:24:29 | WARNING  | kivy | stderr:   File "C:\Users\ahmet\AppData\Local\Programs\Python\Python312\Lib\site-packages\kivy\base.py", line 339, in mainloop
2026-10-02 02:24:29 | WARNING  | kivy | stderr:     self.idle()
2026-10-02 02:24:29 | WARNING  | kivy | stderr:   File "C:\Users\ahmet\AppData\Local\Programs\Python\Python312\Lib\site-packages\kivy\base.py", line 400, in idle
2026-10-02 02:24:29 | WARNING  | kivy | stderr:     window.dispatch('on_draw')
2026-10-02 02:24:29 | WARNING  | kivy | stderr:   File "kivy\\_event.pyx", line 731, in kivy._event.EventDispatcher.dispatch
2026-10-02 02:24:29 | WARNING  | kivy | stderr:   File "C:\Users\ahmet\AppData\Local\Programs\Python\Python312\Lib\site-packages\kivy\core\window\__init__.py", line 1676, in on_draw
2026-10-02 02:24:29 | WARNING  | kivy | stderr:     self.render_context.draw()
2026-10-02 02:24:29 | WARNING  | kivy | stderr: KeyboardInterrupt
2026-10-02 03:24:20 | ERROR    | kivy | Image: Not found <assets/icons_png/folder-open.png>
2026-10-02 03:24:20 | WARNING  | kivy | Deprecated property "<BooleanProperty name=allow_stretch>" of object "<kivy.uix.image.Image object at 0x000002BC29E35B00>" has been set, it will be removed in a future version
2026-10-02 03:24:20 | WARNING  | kivy | Deprecated property "<BooleanProperty name=keep_ratio>" of object "<kivy.uix.image.Image object at 0x000002BC29E35B00>" was accessed, it will be removed in a future version
2026-10-02 03:24:20 | ERROR    | kivy | Image: Not found <assets/icons_png/box.png>
2026-10-02 03:24:20 | ERROR    | kivy | Image: Not found <assets/icons_png/hexagon.png>
2026-10-02 03:24:20 | ERROR    | kivy | Image: Not found <assets/icons_png/rotate-ccw.png>
2026-10-02 03:24:20 | ERROR    | kivy | Image: Not found <assets/icons_png/maximize.png>
2026-10-02 03:24:20 | ERROR    | kivy | Image: Not found <assets/icons_png/move.png>
2026-10-02 03:24:20 | ERROR    | kivy | Image: Not found <assets/icons_png/move.png>
2026-10-02 03:24:20 | ERROR    | kivy | Image: Not found <assets/icons_png/trash-2.png>
2026-10-02 03:24:20 | ERROR    | kivy | Image: Not found <assets/icons_png/x-circle.png>
2026-10-02 03:24:20 | ERROR    | kivy | Image: Not found <assets/icons_png/circle.png>
2026-10-02 03:24:20 | ERROR    | kivy | Image: Not found <assets/icons_png/minus.png>
2026-10-02 03:24:20 | ERROR    | kivy | Image: Not found <assets/icons_png/square.png>
2026-10-02 03:24:20 | ERROR    | kivy | Image: Not found <assets/icons_png/zoom-in.png>
2026-10-02 03:24:20 | ERROR    | kivy | Image: Not found <assets/icons_png/zoom-out.png>
2026-10-02 03:24:59 | ERROR    | kivy | Image: Not found <assets/icons/folder-open.png>
2026-10-02 03:24:59 | WARNING  | kivy | Deprecated property "<BooleanProperty name=allow_stretch>" of object "<kivy.uix.image.Image object at 0x000002184F309B00>" has been set, it will be removed in a future version
2026-10-02 03:24:59 | WARNING  | kivy | Deprecated property "<BooleanProperty name=keep_ratio>" of object "<kivy.uix.image.Image object at 0x000002184F309B00>" was accessed, it will be removed in a future version
2026-10-02 03:26:54 | ERROR    | kivy | Image: Not found <assets/icons_png/folder-open.png>
2026-10-02 03:26:54 | ERROR    | kivy | Image: Not found <assets/icons_png/box.png>
2026-10-02 03:26:54 | ERROR    | kivy | Image: Not found <assets/icons_png/hexagon.png>
2026-10-02 03:26:54 | ERROR    | kivy | Image: Not found <assets/icons_png/rotate-ccw.png>
2026-10-02 03:26:54 | ERROR    | kivy | Image: Not found <assets/icons_png/maximize.png>
2026-10-02 03:26:54 | ERROR    | kivy | Image: Not found <assets/icons_png/move.png>
2026-10-02 03:26:54 | ERROR    | kivy | Image: Not found <assets/icons_png/move.png>
2026-10-02 03:26:54 | ERROR    | kivy | Image: Not found <assets/icons_png/trash-2.png>
2026-10-02 03:26:54 | ERROR    | kivy | Image: Not found <assets/icons_png/x-circle.png>
2026-10-02 03:26:54 | ERROR    | kivy | Image: Not found <assets/icons_png/circle.png>
2026-10-02 03:26:54 | ERROR    | kivy | Image: Not found <assets/icons_png/minus.png>
2026-10-02 03:26:54 | ERROR    | kivy | Image: Not found <assets/icons_png/square.png>
2026-10-02 03:26:54 | ERROR    | kivy | Image: Not found <assets/icons_png/zoom-in.png>
2026-10-02 03:26:54 | ERROR    | kivy | Image: Not found <assets/icons_png/zoom-out.png>
2026-10-02 03:27:18 | ERROR    | kivy | Image: Not found <assets/icons/folder-open.png>
2026-10-02 03:29:37 | ERROR    | kivy | Image: Not found <assets\icons\folder-open.png>
2026-10-02 03:30:21 | ERROR    | kivy | Image: Not found <assets\icons\folder-open.png>
2026-10-02 03:30:58 | ERROR    | kivy | Image: Not found <assets\icons\folder-open.png>
2026-10-02 03:31:47 | WARNING  | kivy | stderr: Traceback (most recent call last):
2026-10-02 03:31:47 | WARNING  | kivy | stderr:   File "d:\Program\cad4\main.py", line 63, in <module>
2026-10-02 03:31:47 | WARNING  | kivy | stderr:     class IconButton(Button):
2026-10-02 03:31:47 | WARNING  | kivy | stderr:                      ^^^^^^
2026-10-02 03:31:47 | WARNING  | kivy | stderr: NameError: name 'Button' is not defined
2026-10-02 03:32:02 | ERROR    | kivy | Image: Not found <assets\icons\folder-open.png>
2026-10-02 03:32:02 | WARNING  | kivy | Deprecated property "<BooleanProperty name=allow_stretch>" of object "<kivy.uix.image.Image object at 0x000001CC6B7D3230>" has been set, it will be removed in a future version
2026-10-02 03:32:02 | WARNING  | kivy | Deprecated property "<BooleanProperty name=keep_ratio>" of object "<kivy.uix.image.Image object at 0x000001CC6B7D3230>" was accessed, it will be removed in a future version
2026-10-02 03:32:45 | ERROR    | kivy | Image: Not found <assets\icons\folder-open.png>
2026-10-02 03:32:45 | WARNING  | kivy | Deprecated property "<BooleanProperty name=allow_stretch>" of object "<kivy.uix.image.Image object at 0x00000215D6CEF230>" has been set, it will be removed in a future version
2026-10-02 03:32:45 | WARNING  | kivy | Deprecated property "<BooleanProperty name=keep_ratio>" of object "<kivy.uix.image.Image object at 0x00000215D6CEF230>" was accessed, it will be removed in a future version
2026-10-02 03:32:49 | WARNING  | kivy | stderr: Traceback (most recent call last):
2026-10-02 03:32:49 | WARNING  | kivy | stderr:   File "d:\Program\cad4\main.py", line 398, in <module>
2026-10-02 03:32:49 | WARNING  | kivy | stderr:     CADApp().run()
2026-10-02 03:32:49 | WARNING  | kivy | stderr:   File "C:\Users\ahmet\AppData\Local\Programs\Python\Python312\Lib\site-packages\kivy\app.py", line 956, in run
2026-10-02 03:32:49 | WARNING  | kivy | stderr:     runTouchApp()
2026-10-02 03:32:49 | WARNING  | kivy | stderr:   File "C:\Users\ahmet\AppData\Local\Programs\Python\Python312\Lib\site-packages\kivy\base.py", line 574, in runTouchApp
2026-10-02 03:32:49 | WARNING  | kivy | stderr:     EventLoop.mainloop()
2026-10-02 03:32:49 | WARNING  | kivy | stderr:   File "C:\Users\ahmet\AppData\Local\Programs\Python\Python312\Lib\site-packages\kivy\base.py", line 339, in mainloop
2026-10-02 03:32:49 | WARNING  | kivy | stderr:     self.idle()
2026-10-02 03:32:49 | WARNING  | kivy | stderr:   File "C:\Users\ahmet\AppData\Local\Programs\Python\Python312\Lib\site-packages\kivy\base.py", line 383, in idle
2026-10-02 03:32:49 | WARNING  | kivy | stderr:     self.dispatch_input()
2026-10-02 03:32:49 | WARNING  | kivy | stderr:   File "C:\Users\ahmet\AppData\Local\Programs\Python\Python312\Lib\site-packages\kivy\base.py", line 334, in dispatch_input
2026-10-02 03:32:49 | WARNING  | kivy | stderr:     post_dispatch_input(*pop(0))
2026-10-02 03:32:49 | WARNING  | kivy | stderr:   File "C:\Users\ahmet\AppData\Local\Programs\Python\Python312\Lib\site-packages\kivy\base.py", line 302, in post_dispatch_input
2026-10-02 03:32:49 | WARNING  | kivy | stderr:     wid.dispatch('on_touch_up', me)
2026-10-02 03:32:49 | WARNING  | kivy | stderr:   File "kivy\\_event.pyx", line 731, in kivy._event.EventDispatcher.dispatch
2026-10-02 03:32:49 | WARNING  | kivy | stderr:   File "C:\Users\ahmet\AppData\Local\Programs\Python\Python312\Lib\site-packages\kivy\uix\behaviors\button.py", line 179, in on_touch_up
2026-10-02 03:32:49 | WARNING  | kivy | stderr:     self.dispatch('on_release')
2026-10-02 03:32:49 | WARNING  | kivy | stderr:   File "kivy\\_event.pyx", line 727, in kivy._event.EventDispatcher.dispatch
2026-10-02 03:32:49 | WARNING  | kivy | stderr:   File "kivy\\_event.pyx", line 1307, in kivy._event.EventObservers.dispatch
2026-10-02 03:32:49 | WARNING  | kivy | stderr:   File "kivy\\_event.pyx", line 1231, in kivy._event.EventObservers._dispatch
2026-10-02 03:32:49 | WARNING  | kivy | stderr:   File "d:\Program\cad4\main.py", line 282, in load_test_model
2026-10-02 03:32:49 | WARNING  | kivy | stderr:     TestModelBuilder.build(builder)
2026-10-02 03:32:49 | WARNING  | kivy | stderr:   File "d:\Program\cad4\tests\test_model.py", line 14, in build
2026-10-02 03:32:49 | WARNING  | kivy | stderr:     steel = builder.create_material(
2026-10-02 03:32:49 | WARNING  | kivy | stderr:             ^^^^^^^^^^^^^^^^^^^^^^^^
2026-10-02 03:32:49 | WARNING  | kivy | stderr:   File "d:\Program\cad4\geometry\scenebuilder.py", line 20, in create_material
2026-10-02 03:32:49 | WARNING  | kivy | stderr:     material = Material(name=name, mat_type=mat_type, E=E, 
2026-10-02 03:32:49 | WARNING  | kivy | stderr:                ^^^^^^^^^^^^^^^^^^^^^^^^^^^^^^^^^^^^^^^^^^^
2026-10-02 03:32:49 | WARNING  | kivy | stderr: TypeError: Material.__init__() got an unexpected keyword argument 'E'
2026-10-02 03:37:32 | ERROR    | kivy | Image: Not found <assets\icons\folder-open.png>
2026-10-02 03:37:32 | WARNING  | kivy | Deprecated property "<BooleanProperty name=allow_stretch>" of object "<kivy.uix.image.Image object at 0x000001ACFD857230>" has been set, it will be removed in a future version
2026-10-02 03:37:32 | WARNING  | kivy | Deprecated property "<BooleanProperty name=keep_ratio>" of object "<kivy.uix.image.Image object at 0x000001ACFD857230>" was accessed, it will be removed in a future version
2026-10-02 03:37:42 | ERROR    | kivy | Image: Not found <assets\icons\folder-open.png>
2026-10-02 03:37:42 | WARNING  | kivy | Deprecated property "<BooleanProperty name=allow_stretch>" of object "<kivy.uix.image.Image object at 0x000001E814AB7230>" has been set, it will be removed in a future version
2026-10-02 03:37:42 | WARNING  | kivy | Deprecated property "<BooleanProperty name=keep_ratio>" of object "<kivy.uix.image.Image object at 0x000001E814AB7230>" was accessed, it will be removed in a future version
2026-10-02 03:38:10 | WARNING  | kivy | Deprecated property "<BooleanProperty name=allow_stretch>" of object "<kivy.uix.image.Image object at 0x0000017866FD7230>" has been set, it will be removed in a future version
2026-10-02 03:38:10 | WARNING  | kivy | Deprecated property "<BooleanProperty name=keep_ratio>" of object "<kivy.uix.image.Image object at 0x0000017866FD7230>" was accessed, it will be removed in a future version
2026-10-02 03:39:27 | ERROR    | kivy | Image: Not found <assets/icons/folder-open.png>
2026-10-02 03:39:27 | WARNING  | kivy | Deprecated property "<BooleanProperty name=allow_stretch>" of object "<kivy.uix.image.Image object at 0x000001A651EF9B00>" has been set, it will be removed in a future version
2026-10-02 03:39:27 | WARNING  | kivy | Deprecated property "<BooleanProperty name=keep_ratio>" of object "<kivy.uix.image.Image object at 0x000001A651EF9B00>" was accessed, it will be removed in a future version
2026-10-02 03:39:48 | WARNING  | kivy | stderr: Traceback (most recent call last):
2026-10-02 03:39:48 | WARNING  | kivy | stderr:   File "d:\Program\cad4\main.py", line 361, in <module>
2026-10-02 03:39:48 | WARNING  | kivy | stderr:     CADApp().run()
2026-10-02 03:39:48 | WARNING  | kivy | stderr:   File "C:\Users\ahmet\AppData\Local\Programs\Python\Python312\Lib\site-packages\kivy\app.py", line 955, in run
2026-10-02 03:39:48 | WARNING  | kivy | stderr:     self._run_prepare()
2026-10-02 03:39:48 | WARNING  | kivy | stderr:   File "C:\Users\ahmet\AppData\Local\Programs\Python\Python312\Lib\site-packages\kivy\app.py", line 925, in _run_prepare
2026-10-02 03:39:48 | WARNING  | kivy | stderr:     root = self.build()
2026-10-02 03:39:48 | WARNING  | kivy | stderr:            ^^^^^^^^^^^^
2026-10-02 03:39:48 | WARNING  | kivy | stderr:   File "d:\Program\cad4\main.py", line 76, in build
2026-10-02 03:39:48 | WARNING  | kivy | stderr:     toolbar.add_widget(self._button("📂 S2K",     self.import_s2k))
2026-10-02 03:39:48 | WARNING  | kivy | stderr:                        ^^^^^^^^^^^^^^^^^^^^^^^^^^^^^^^^^^^^^^^^^^^
2026-10-02 03:39:48 | WARNING  | kivy | stderr:   File "d:\Program\cad4\main.py", line 129, in _button
2026-10-02 03:39:48 | WARNING  | kivy | stderr:     spacing=dp(4),
2026-10-02 03:39:48 | WARNING  | kivy | stderr:             ^^
2026-10-02 03:39:48 | WARNING  | kivy | stderr: NameError: name 'dp' is not defined
2026-10-02 03:57:00 | WARNING  | kivy | stderr: Traceback (most recent call last):
2026-10-02 03:57:00 | WARNING  | kivy | stderr:   File "d:\Program\cad4\main.py", line 333, in <module>
2026-10-02 03:57:00 | WARNING  | kivy | stderr:     CADApp().run()
2026-10-02 03:57:00 | WARNING  | kivy | stderr:   File "C:\Users\ahmet\AppData\Local\Programs\Python\Python312\Lib\site-packages\kivy\app.py", line 956, in run
2026-10-02 03:57:00 | WARNING  | kivy | stderr:     runTouchApp()
2026-10-02 03:57:00 | WARNING  | kivy | stderr:   File "C:\Users\ahmet\AppData\Local\Programs\Python\Python312\Lib\site-packages\kivy\base.py", line 574, in runTouchApp
2026-10-02 03:57:00 | WARNING  | kivy | stderr:     EventLoop.mainloop()
2026-10-02 03:57:00 | WARNING  | kivy | stderr:   File "C:\Users\ahmet\AppData\Local\Programs\Python\Python312\Lib\site-packages\kivy\base.py", line 339, in mainloop
2026-10-02 03:57:00 | WARNING  | kivy | stderr:     self.idle()
2026-10-02 03:57:00 | WARNING  | kivy | stderr:   File "C:\Users\ahmet\AppData\Local\Programs\Python\Python312\Lib\site-packages\kivy\base.py", line 383, in idle
2026-10-02 03:57:00 | WARNING  | kivy | stderr:     self.dispatch_input()
2026-10-02 03:57:00 | WARNING  | kivy | stderr:   File "C:\Users\ahmet\AppData\Local\Programs\Python\Python312\Lib\site-packages\kivy\base.py", line 334, in dispatch_input
2026-10-02 03:57:00 | WARNING  | kivy | stderr:     post_dispatch_input(*pop(0))
2026-10-02 03:57:00 | WARNING  | kivy | stderr:   File "C:\Users\ahmet\AppData\Local\Programs\Python\Python312\Lib\site-packages\kivy\base.py", line 302, in post_dispatch_input
2026-10-02 03:57:00 | WARNING  | kivy | stderr:     wid.dispatch('on_touch_up', me)
2026-10-02 03:57:00 | WARNING  | kivy | stderr:   File "kivy\\_event.pyx", line 731, in kivy._event.EventDispatcher.dispatch
2026-10-02 03:57:00 | WARNING  | kivy | stderr:   File "d:\Program\cad4\core\gl_engine.py", line 692, in on_touch_up
2026-10-02 03:57:00 | WARNING  | kivy | stderr:     self._on_left_up(x, y)
2026-10-02 03:57:00 | WARNING  | kivy | stderr:   File "d:\Program\cad4\core\gl_engine.py", line 720, in _on_left_up
2026-10-02 03:57:00 | WARNING  | kivy | stderr:     self._update_properties_panel()
2026-10-02 03:57:00 | WARNING  | kivy | stderr:   File "d:\Program\cad4\core\gl_engine.py", line 747, in _update_properties_panel
2026-10-02 03:57:00 | WARNING  | kivy | stderr:     self.properties_panel.show_selection_summary(selected)
2026-10-02 03:57:00 | WARNING  | kivy | stderr:   File "d:\Program\cad4\ui\prop_panel.py", line 376, in show_selection_summary
2026-10-02 03:57:00 | WARNING  | kivy | stderr:     self.content.clear_widgets()
2026-10-02 03:57:00 | WARNING  | kivy | stderr:     ^^^^^^^^^^^^
2026-10-02 03:57:00 | WARNING  | kivy | stderr: AttributeError: 'PropertiesPanel' object has no attribute 'content'. Did you mean: '_context'?
